trial_id,method,success,travel_time_s,deadlocks,proxemic_violations,mesh_packets,replan_cycles,avg_replan_latency_ms,repair_n,repair_median_ms,repair_mean_ms,repair_p95_ms,repair_max_ms,intimate_exposure_person_s,intimate_encounters
1,D2RO (SW-DGO Proposed),1,42.2,0,0,74,365,0.098,365,0.0022,0.0151,0.0678,0.4132,0.0,0
1,Static A* (matched controller),1,19.2,0,134,0,8,0.037,8,0.0068,0.0218,0.0923,0.0923,6.7,5
1,Local Social D* Lite,1,53.3,0,0,0,538,0.083,538,0.0023,0.0237,0.0854,0.7489,0.0,0
1,Static A*,1,18.0,0,133,0,0,0.002,0,0.0,0.0,0.0,0.0,6.65,6
1,Reactive Avoidance (Potential Field),1,34.55,0,175,0,0,0.007,0,0.0,0.0,0.0,0.0,8.75,7
1,Reactive ORCA (Velocity Obstacles),0,180.0,0,0,0,0,0.009,0,0.0,0.0,0.0,0.0,0.0,0
1,Decentralized Local MAPF,0,180.0,0,133,0,107,0.002,0,0.0,0.0,0.0,0.0,6.65,5
2,D2RO (SW-DGO Proposed),1,42.8,0,0,72,462,0.09,462,0.0023,0.0184,0.0818,0.33,0.0,0
2,Static A* (matched controller),1,19.2,0,123,0,8,0.037,8,0.0067,0.0233,0.0911,0.0911,6.15,5
2,Local Social D* Lite,1,34.25,0,0,0,430,0.085,430,0.0022,0.0161,0.0898,0.2096,0.0,0
2,Static A*,1,18.0,0,123,0,0,0.002,0,0.0,0.0,0.0,0.0,6.15,5
2,Reactive Avoidance (Potential Field),1,34.55,0,164,0,0,0.008,0,0.0,0.0,0.0,0.0,8.2,8
2,Reactive ORCA (Velocity Obstacles),0,180.0,0,0,0,0,0.009,0,0.0,0.0,0.0,0.0,0.0,0
2,Decentralized Local MAPF,0,180.0,0,272,0,107,0.001,0,0.0,0.0,0.0,0.0,13.6,6
3,D2RO (SW-DGO Proposed),1,41.4,0,0,75,546,0.193,546,0.0023,0.0233,0.094,0.8755,0.0,0
3,Static A* (matched controller),1,19.2,0,122,0,8,0.036,8,0.0072,0.0218,0.0917,0.0917,6.1,5
3,Local Social D* Lite,1,44.75,0,0,0,520,0.164,520,0.0022,0.021,0.0877,0.3531,0.0,0
3,Static A*,1,18.0,0,122,0,0,0.002,0,0.0,0.0,0.0,0.0,6.1,5
3,Reactive Avoidance (Potential Field),1,34.35,0,157,0,0,0.008,0,0.0,0.0,0.0,0.0,7.85,6
3,Reactive ORCA (Velocity Obstacles),0,180.0,0,160,0,0,0.014,0,0.0,0.0,0.0,0.0,8.0,2
3,Decentralized Local MAPF,0,180.0,0,121,0,107,0.005,0,0.0,0.0,0.0,0.0,6.05,5
4,D2RO (SW-DGO Proposed),1,59.95,0,0,72,510,0.341,510,0.008,0.0648,0.2592,2.7587,0.0,0
4,Static A* (matched controller),1,19.2,0,123,0,8,0.111,8,0.0224,0.0738,0.3215,0.3215,6.15,5
4,Local Social D* Lite,1,59.9,0,0,0,581,0.224,581,0.0069,0.08,0.3726,1.1987,0.0,0
4,Static A*,1,18.0,0,123,0,0,0.007,0,0.0,0.0,0.0,0.0,6.15,5
4,Reactive Avoidance (Potential Field),1,34.7,0,303,0,0,0.02,0,0.0,0.0,0.0,0.0,15.15,9
4,Reactive ORCA (Velocity Obstacles),0,180.0,0,46,0,0,0.033,0,0.0,0.0,0.0,0.0,2.3,1
4,Decentralized Local MAPF,0,180.0,0,123,0,107,0.005,0,0.0,0.0,0.0,0.0,6.15,5
5,D2RO (SW-DGO Proposed),1,44.35,0,0,72,461,0.536,461,0.0061,0.0438,0.1891,1.1564,0.0,0
5,Static A* (matched controller),1,19.2,0,131,0,8,0.115,8,0.0173,0.0566,0.2192,0.2192,6.55,5
5,Local Social D* Lite,1,27.55,0,0,0,427,0.414,427,0.0062,0.0468,0.2282,1.3875,0.0,0
5,Static A*,1,18.0,0,131,0,0,0.006,0,0.0,0.0,0.0,0.0,6.55,5
5,Reactive Avoidance (Potential Field),1,34.8,0,190,0,0,0.022,0,0.0,0.0,0.0,0.0,9.5,11
5,Reactive ORCA (Velocity Obstacles),0,180.0,0,719,0,0,0.031,0,0.0,0.0,0.0,0.0,35.95,6
5,Decentralized Local MAPF,0,180.0,0,129,0,107,0.006,0,0.0,0.0,0.0,0.0,6.45,5
6,D2RO (SW-DGO Proposed),1,48.6,0,0,72,412,0.455,412,0.0061,0.0389,0.1679,1.8925,0.0,0
6,Static A* (matched controller),1,19.2,0,118,0,8,0.1,8,0.0245,0.0597,0.232,0.232,5.9,5
6,Local Social D* Lite,1,33.6,0,0,0,427,0.37,427,0.006,0.0364,0.15,1.4943,0.0,0
6,Static A*,1,18.0,0,118,0,0,0.006,0,0.0,0.0,0.0,0.0,5.9,5
6,Reactive Avoidance (Potential Field),1,34.45,0,203,0,0,0.02,0,0.0,0.0,0.0,0.0,10.15,8
6,Reactive ORCA (Velocity Obstacles),0,180.0,0,480,0,0,0.032,0,0.0,0.0,0.0,0.0,24.0,4
6,Decentralized Local MAPF,0,180.0,0,119,0,107,0.006,0,0.0,0.0,0.0,0.0,5.95,5
7,D2RO (SW-DGO Proposed),1,60.05,0,0,73,610,0.254,610,0.0069,0.0736,0.2694,1.5859,0.0,0
7,Static A* (matched controller),1,19.2,0,130,0,8,0.096,8,0.017,0.0524,0.2171,0.2171,6.5,5
7,Local Social D* Lite,1,31.2,0,0,0,364,0.218,364,0.0057,0.0396,0.1912,0.9893,0.0,0
7,Static A*,1,18.0,0,130,0,0,0.006,0,0.0,0.0,0.0,0.0,6.5,5
7,Reactive Avoidance (Potential Field),1,34.6,0,231,0,0,0.021,0,0.0,0.0,0.0,0.0,11.55,11
7,Reactive ORCA (Velocity Obstacles),0,180.0,0,539,0,0,0.03,0,0.0,0.0,0.0,0.0,26.95,4
7,Decentralized Local MAPF,0,180.0,0,159,0,107,0.005,0,0.0,0.0,0.0,0.0,7.95,6
8,D2RO (SW-DGO Proposed),1,43.35,0,0,72,403,0.218,403,0.0056,0.0407,0.1949,1.0128,0.0,0
8,Static A* (matched controller),1,19.2,0,121,0,8,0.097,8,0.017,0.0558,0.2186,0.2186,6.05,5
8,Local Social D* Lite,1,101.7,0,170,0,749,0.262,749,0.0175,0.1033,0.352,2.1336,8.5,1
8,Static A*,1,18.0,0,121,0,0,0.007,0,0.0,0.0,0.0,0.0,6.05,5
8,Reactive Avoidance (Potential Field),1,34.55,0,275,0,0,0.026,0,0.0,0.0,0.0,0.0,13.75,10
8,Reactive ORCA (Velocity Obstacles),0,180.0,0,659,0,0,0.031,0,0.0,0.0,0.0,0.0,32.95,3
8,Decentralized Local MAPF,0,180.0,0,120,0,107,0.005,0,0.0,0.0,0.0,0.0,6.0,5
9,D2RO (SW-DGO Proposed),1,40.05,0,0,73,499,0.273,499,0.0068,0.069,0.228,1.4949,0.0,0
9,Static A* (matched controller),1,19.2,0,121,0,8,0.095,8,0.0169,0.0551,0.2424,0.2424,6.05,5
9,Local Social D* Lite,1,31.2,0,0,0,424,0.234,424,0.0061,0.0532,0.2494,2.0812,0.0,0
9,Static A*,1,18.0,0,121,0,0,0.007,0,0.0,0.0,0.0,0.0,6.05,5
9,Reactive Avoidance (Potential Field),1,34.6,0,254,0,0,0.023,0,0.0,0.0,0.0,0.0,12.7,8
9,Reactive ORCA (Velocity Obstacles),0,180.0,0,232,0,0,0.028,0,0.0,0.0,0.0,0.0,11.6,2
9,Decentralized Local MAPF,0,180.0,0,118,0,107,0.005,0,0.0,0.0,0.0,0.0,5.9,5
10,D2RO (SW-DGO Proposed),1,40.9,0,0,73,512,0.292,512,0.0075,0.0687,0.2343,1.5065,0.0,0
10,Static A* (matched controller),1,19.2,0,116,0,8,0.109,8,0.0179,0.0589,0.2646,0.2646,5.8,5
10,Local Social D* Lite,1,31.6,0,0,0,424,0.263,424,0.0077,0.058,0.2281,2.0094,0.0,0
10,Static A*,1,18.0,0,116,0,0,0.008,0,0.0,0.0,0.0,0.0,5.8,5
10,Reactive Avoidance (Potential Field),1,34.55,0,335,0,0,0.028,0,0.0,0.0,0.0,0.0,16.75,10
10,Reactive ORCA (Velocity Obstacles),0,180.0,0,0,0,0,0.032,0,0.0,0.0,0.0,0.0,0.0,0
10,Decentralized Local MAPF,0,180.0,0,120,0,107,0.006,0,0.0,0.0,0.0,0.0,6.0,5
11,D2RO (SW-DGO Proposed),1,42.65,0,0,73,537,0.311,537,0.0073,0.0675,0.2615,1.3445,0.0,0
11,Static A* (matched controller),1,19.2,0,124,0,8,0.112,8,0.0324,0.0824,0.3815,0.3815,6.2,5
11,Local Social D* Lite,1,51.85,0,0,0,549,0.219,549,0.0087,0.1207,0.6112,1.5492,0.0,0
11,Static A*,1,18.0,0,124,0,0,0.006,0,0.0,0.0,0.0,0.0,6.2,5
11,Reactive Avoidance (Potential Field),1,34.65,0,216,0,0,0.02,0,0.0,0.0,0.0,0.0,10.8,8
11,Reactive ORCA (Velocity Obstacles),0,180.0,0,0,0,0,0.027,0,0.0,0.0,0.0,0.0,0.0,0
11,Decentralized Local MAPF,0,180.0,0,123,0,107,0.005,0,0.0,0.0,0.0,0.0,6.15,5
12,D2RO (SW-DGO Proposed),1,60.85,0,0,75,600,0.408,600,0.007,0.0593,0.2419,1.5348,0.0,0
12,Static A* (matched controller),1,19.2,0,124,0,8,0.097,8,0.0222,0.0608,0.2233,0.2233,6.2,5
12,Local Social D* Lite,1,45.7,0,15,0,476,0.4,476,0.0069,0.0859,0.4243,1.1782,0.75,1
12,Static A*,1,18.0,0,124,0,0,0.006,0,0.0,0.0,0.0,0.0,6.2,5
12,Reactive Avoidance (Potential Field),1,34.5,0,227,0,0,0.02,0,0.0,0.0,0.0,0.0,11.35,20
12,Reactive ORCA (Velocity Obstacles),0,180.0,0,274,0,0,0.032,0,0.0,0.0,0.0,0.0,13.7,2
12,Decentralized Local MAPF,0,180.0,0,125,0,107,0.005,0,0.0,0.0,0.0,0.0,6.25,5
13,D2RO (SW-DGO Proposed),1,52.65,0,0,70,454,0.329,454,0.0065,0.0532,0.2417,1.5389,0.0,0
13,Static A* (matched controller),1,19.2,0,131,0,8,0.097,8,0.0173,0.0552,0.2172,0.2172,6.55,5
13,Local Social D* Lite,1,80.45,0,0,0,739,0.315,739,0.0068,0.0634,0.2241,1.7323,0.0,0
13,Static A*,1,18.0,0,131,0,0,0.007,0,0.0,0.0,0.0,0.0,6.55,5
13,Reactive Avoidance (Potential Field),1,34.45,0,315,0,0,0.023,0,0.0,0.0,0.0,0.0,15.75,9
13,Reactive ORCA (Velocity Obstacles),0,180.0,0,1565,0,0,0.032,0,0.0,0.0,0.0,0.0,78.25,6
13,Decentralized Local MAPF,0,180.0,0,131,0,107,0.005,0,0.0,0.0,0.0,0.0,6.55,5
14,D2RO (SW-DGO Proposed),1,42.2,0,0,74,412,0.348,412,0.0065,0.0502,0.2083,1.0116,0.0,0
14,Static A* (matched controller),1,19.2,0,120,0,8,0.113,8,0.0241,0.072,0.3087,0.3087,6.0,5
14,Local Social D* Lite,1,27.1,0,0,0,388,0.353,388,0.0076,0.0517,0.246,1.2075,0.0,0
14,Static A*,1,18.0,0,120,0,0,0.007,0,0.0,0.0,0.0,0.0,6.0,5
14,Reactive Avoidance (Potential Field),1,34.4,0,306,0,0,0.022,0,0.0,0.0,0.0,0.0,15.3,10
14,Reactive ORCA (Velocity Obstacles),0,180.0,0,0,0,0,0.03,0,0.0,0.0,0.0,0.0,0.0,0
14,Decentralized Local MAPF,0,180.0,0,122,0,107,0.005,0,0.0,0.0,0.0,0.0,6.1,5
15,D2RO (SW-DGO Proposed),1,63.0,0,0,64,513,0.38,513,0.0062,0.0424,0.165,1.6137,0.0,0
15,Static A* (matched controller),1,19.2,0,141,0,8,0.109,8,0.0232,0.0636,0.2292,0.2292,7.05,5
15,Local Social D* Lite,1,58.65,0,0,0,503,0.323,503,0.0076,0.0679,0.2678,3.0251,0.0,0
15,Static A*,1,18.0,0,141,0,0,0.006,0,0.0,0.0,0.0,0.0,7.05,5
15,Reactive Avoidance (Potential Field),1,34.65,0,366,0,0,0.022,0,0.0,0.0,0.0,0.0,18.3,10
15,Reactive ORCA (Velocity Obstacles),0,180.0,0,0,0,0,0.028,0,0.0,0.0,0.0,0.0,0.0,0
15,Decentralized Local MAPF,0,180.0,0,137,0,107,0.005,0,0.0,0.0,0.0,0.0,6.85,5
16,D2RO (SW-DGO Proposed),1,42.2,0,0,72,341,0.199,341,0.0061,0.0366,0.1622,0.9347,0.0,0
16,Static A* (matched controller),1,19.2,0,133,0,8,0.1,8,0.0203,0.065,0.295,0.295,6.65,5
16,Local Social D* Lite,1,26.5,0,0,0,330,0.196,330,0.006,0.0304,0.1618,0.5457,0.0,0
16,Static A*,1,18.0,0,133,0,0,0.006,0,0.0,0.0,0.0,0.0,6.65,5
16,Reactive Avoidance (Potential Field),1,34.5,0,239,0,0,0.019,0,0.0,0.0,0.0,0.0,11.95,8
16,Reactive ORCA (Velocity Obstacles),0,180.0,0,0,0,0,0.027,0,0.0,0.0,0.0,0.0,0.0,0
16,Decentralized Local MAPF,0,180.0,0,131,0,107,0.005,0,0.0,0.0,0.0,0.0,6.55,5
17,D2RO (SW-DGO Proposed),1,57.55,0,0,72,479,0.401,479,0.0071,0.0586,0.2581,2.3877,0.0,0
17,Static A* (matched controller),1,19.2,0,117,0,8,0.101,8,0.019,0.059,0.2326,0.2326,5.85,5
17,Local Social D* Lite,1,31.25,0,0,0,419,0.297,419,0.0065,0.0482,0.2056,0.9478,0.0,0
17,Static A*,1,18.0,0,117,0,0,0.008,0,0.0,0.0,0.0,0.0,5.85,5
17,Reactive Avoidance (Potential Field),1,34.55,0,157,0,0,0.023,0,0.0,0.0,0.0,0.0,7.85,8
17,Reactive ORCA (Velocity Obstacles),0,180.0,0,334,0,0,0.029,0,0.0,0.0,0.0,0.0,16.7,2
17,Decentralized Local MAPF,0,180.0,0,212,0,107,0.005,0,0.0,0.0,0.0,0.0,10.6,6
18,D2RO (SW-DGO Proposed),1,24.8,0,0,85,448,0.38,448,0.0088,0.0804,0.3612,1.7534,0.0,0
18,Static A* (matched controller),1,19.2,0,130,0,8,0.099,8,0.0179,0.0542,0.235,0.235,6.5,5
18,Local Social D* Lite,1,42.85,0,0,0,519,0.234,519,0.007,0.0683,0.2844,1.2974,0.0,0
18,Static A*,1,18.0,0,130,0,0,0.006,0,0.0,0.0,0.0,0.0,6.5,5
18,Reactive Avoidance (Potential Field),1,35.2,0,390,0,0,0.02,0,0.0,0.0,0.0,0.0,19.5,9
18,Reactive ORCA (Velocity Obstacles),0,180.0,0,0,0,0,0.031,0,0.0,0.0,0.0,0.0,0.0,0
18,Decentralized Local MAPF,0,180.0,0,129,0,107,0.005,0,0.0,0.0,0.0,0.0,6.45,5
19,D2RO (SW-DGO Proposed),1,33.65,0,0,86,585,0.386,585,0.0086,0.0792,0.3191,0.9414,0.0,0
19,Static A* (matched controller),1,19.2,0,127,0,8,0.1,8,0.0235,0.0591,0.2255,0.2255,6.35,5
19,Local Social D* Lite,1,34.95,0,0,0,565,0.367,565,0.0108,0.0998,0.3717,1.2312,0.0,0
19,Static A*,1,18.0,0,127,0,0,0.038,0,0.0,0.0,0.0,0.0,6.35,5
19,Reactive Avoidance (Potential Field),1,34.5,0,164,0,0,0.02,0,0.0,0.0,0.0,0.0,8.2,7
19,Reactive ORCA (Velocity Obstacles),0,180.0,0,1455,0,0,0.033,0,0.0,0.0,0.0,0.0,72.75,3
19,Decentralized Local MAPF,0,180.0,0,125,0,107,0.005,0,0.0,0.0,0.0,0.0,6.25,5
20,D2RO (SW-DGO Proposed),1,41.95,0,0,73,483,0.293,483,0.0065,0.0692,0.2803,1.8722,0.0,0
20,Static A* (matched controller),1,19.2,0,123,0,8,0.105,8,0.025,0.0785,0.313,0.313,6.15,5
20,Local Social D* Lite,1,34.7,0,0,0,454,0.286,454,0.0079,0.0741,0.3213,1.1465,0.0,0
20,Static A*,1,18.0,0,123,0,0,0.007,0,0.0,0.0,0.0,0.0,6.15,5
20,Reactive Avoidance (Potential Field),1,34.85,0,344,0,0,0.023,0,0.0,0.0,0.0,0.0,17.2,10
20,Reactive ORCA (Velocity Obstacles),0,180.0,0,241,0,0,0.03,0,0.0,0.0,0.0,0.0,12.05,4
20,Decentralized Local MAPF,0,180.0,0,119,0,107,0.006,0,0.0,0.0,0.0,0.0,5.95,5
21,D2RO (SW-DGO Proposed),1,44.35,0,0,72,415,0.277,415,0.0066,0.0403,0.1607,1.3345,0.0,0
21,Static A* (matched controller),1,19.2,0,134,0,8,0.105,8,0.0308,0.0759,0.334,0.334,6.7,5
21,Local Social D* Lite,1,27.6,0,0,0,386,0.272,386,0.0058,0.0279,0.1343,0.6586,0.0,0
21,Static A*,1,18.0,0,134,0,0,0.008,0,0.0,0.0,0.0,0.0,6.7,5
21,Reactive Avoidance (Potential Field),1,34.15,0,313,0,0,0.019,0,0.0,0.0,0.0,0.0,15.65,9
21,Reactive ORCA (Velocity Obstacles),0,180.0,0,183,0,0,0.03,0,0.0,0.0,0.0,0.0,9.15,2
21,Decentralized Local MAPF,0,180.0,0,132,0,107,0.005,0,0.0,0.0,0.0,0.0,6.6,5
22,D2RO (SW-DGO Proposed),1,42.6,0,0,74,339,0.314,339,0.0071,0.0509,0.2132,1.235,0.0,0
22,Static A* (matched controller),1,19.2,0,132,0,8,0.113,8,0.0283,0.0878,0.3918,0.3918,6.6,5
22,Local Social D* Lite,1,27.6,0,0,0,348,0.275,348,0.0068,0.0441,0.2198,0.6186,0.0,0
22,Static A*,1,18.0,0,131,0,0,0.006,0,0.0,0.0,0.0,0.0,6.55,5
22,Reactive Avoidance (Potential Field),1,34.7,0,177,0,0,0.02,0,0.0,0.0,0.0,0.0,8.85,8
22,Reactive ORCA (Velocity Obstacles),0,180.0,0,203,0,0,0.029,0,0.0,0.0,0.0,0.0,10.15,2
22,Decentralized Local MAPF,0,180.0,0,132,0,107,0.005,0,0.0,0.0,0.0,0.0,6.6,5
23,D2RO (SW-DGO Proposed),1,49.85,0,0,72,453,0.28,453,0.0068,0.0478,0.2069,1.5725,0.0,0
23,Static A* (matched controller),1,19.2,0,135,0,8,0.107,8,0.0224,0.0669,0.2938,0.2938,6.75,5
23,Local Social D* Lite,1,34.3,0,0,0,385,0.231,385,0.0063,0.0555,0.3046,1.3102,0.0,0
23,Static A*,1,18.0,0,134,0,0,0.011,0,0.0,0.0,0.0,0.0,6.7,5
23,Reactive Avoidance (Potential Field),1,34.5,0,187,0,0,0.023,0,0.0,0.0,0.0,0.0,9.35,7
23,Reactive ORCA (Velocity Obstacles),0,180.0,0,0,0,0,0.029,0,0.0,0.0,0.0,0.0,0.0,0
23,Decentralized Local MAPF,0,180.0,0,134,0,107,0.007,0,0.0,0.0,0.0,0.0,6.7,5
24,D2RO (SW-DGO Proposed),1,42.8,0,0,75,412,0.317,412,0.0068,0.0565,0.2342,1.4771,0.0,0
24,Static A* (matched controller),1,19.2,0,133,0,8,0.101,8,0.0213,0.058,0.2192,0.2192,6.65,5
24,Local Social D* Lite,1,36.5,0,0,0,474,0.243,474,0.0074,0.0642,0.2801,1.2885,0.0,0
24,Static A*,1,18.0,0,133,0,0,0.007,0,0.0,0.0,0.0,0.0,6.65,5
24,Reactive Avoidance (Potential Field),1,34.3,0,227,0,0,0.021,0,0.0,0.0,0.0,0.0,11.35,9
24,Reactive ORCA (Velocity Obstacles),0,180.0,0,1138,0,0,0.031,0,0.0,0.0,0.0,0.0,56.9,4
24,Decentralized Local MAPF,0,180.0,0,129,0,107,0.006,0,0.0,0.0,0.0,0.0,6.45,5
25,D2RO (SW-DGO Proposed),1,42.8,0,0,74,406,0.383,406,0.0062,0.0478,0.1919,1.8888,0.0,0
25,Static A* (matched controller),1,19.2,0,122,0,8,0.098,8,0.0181,0.0537,0.2235,0.2235,6.1,5
25,Local Social D* Lite,1,27.8,0,0,0,356,0.439,356,0.0064,0.0475,0.2354,1.4763,0.0,0
25,Static A*,1,18.0,0,122,0,0,0.007,0,0.0,0.0,0.0,0.0,6.1,5
25,Reactive Avoidance (Potential Field),1,34.55,0,146,0,0,0.02,0,0.0,0.0,0.0,0.0,7.3,7
25,Reactive ORCA (Velocity Obstacles),0,180.0,0,437,0,0,0.026,0,0.0,0.0,0.0,0.0,21.85,2
25,Decentralized Local MAPF,0,180.0,0,123,0,107,0.005,0,0.0,0.0,0.0,0.0,6.15,5
26,D2RO (SW-DGO Proposed),1,54.9,0,0,70,515,0.233,515,0.0058,0.049,0.2037,1.509,0.0,0
26,Static A* (matched controller),1,19.2,0,123,0,8,0.105,8,0.0196,0.0574,0.2455,0.2455,6.15,5
26,Local Social D* Lite,1,33.95,0,0,0,385,0.224,385,0.0058,0.0457,0.2593,1.0005,0.0,0
26,Static A*,1,18.0,0,123,0,0,0.006,0,0.0,0.0,0.0,0.0,6.15,5
26,Reactive Avoidance (Potential Field),1,34.5,0,175,0,0,0.022,0,0.0,0.0,0.0,0.0,8.75,7
26,Reactive ORCA (Velocity Obstacles),0,180.0,0,909,0,0,0.03,0,0.0,0.0,0.0,0.0,45.45,2
26,Decentralized Local MAPF,0,180.0,0,117,0,107,0.005,0,0.0,0.0,0.0,0.0,5.85,5
27,D2RO (SW-DGO Proposed),1,44.35,0,0,72,378,0.374,378,0.0061,0.0395,0.1696,1.333,0.0,0
27,Static A* (matched controller),1,19.2,0,122,0,8,0.102,8,0.0227,0.0609,0.2403,0.2403,6.1,5
27,Local Social D* Lite,1,29.4,0,0,0,403,0.171,403,0.0044,0.0268,0.1524,0.6647,0.0,0
27,Static A*,1,18.0,0,122,0,0,0.003,0,0.0,0.0,0.0,0.0,6.1,5
27,Reactive Avoidance (Potential Field),1,34.55,0,137,0,0,0.011,0,0.0,0.0,0.0,0.0,6.85,6
27,Reactive ORCA (Velocity Obstacles),0,180.0,0,343,0,0,0.016,0,0.0,0.0,0.0,0.0,17.15,1
27,Decentralized Local MAPF,0,180.0,0,120,0,107,0.003,0,0.0,0.0,0.0,0.0,6.0,5
28,D2RO (SW-DGO Proposed),1,42.2,0,0,74,398,0.263,398,0.0033,0.0227,0.0894,0.7563,0.0,0
28,Static A* (matched controller),1,19.2,0,130,0,8,0.057,8,0.0108,0.0309,0.1314,0.1314,6.5,5
28,Local Social D* Lite,1,27.4,0,0,0,392,0.19,392,0.0036,0.025,0.0962,0.8153,0.0,0
28,Static A*,1,18.0,0,130,0,0,0.008,0,0.0,0.0,0.0,0.0,6.5,5
28,Reactive Avoidance (Potential Field),1,34.7,0,171,0,0,0.024,0,0.0,0.0,0.0,0.0,8.55,9
28,Reactive ORCA (Velocity Obstacles),0,180.0,0,0,0,0,0.03,0,0.0,0.0,0.0,0.0,0.0,0
28,Decentralized Local MAPF,0,180.0,0,129,0,107,0.006,0,0.0,0.0,0.0,0.0,6.45,5
29,D2RO (SW-DGO Proposed),1,42.4,0,0,74,363,0.417,363,0.0066,0.0443,0.1904,1.2469,0.0,0
29,Static A* (matched controller),1,19.2,0,129,0,8,0.1,8,0.0165,0.0507,0.2135,0.2135,6.45,5
29,Local Social D* Lite,1,53.4,0,0,0,533,0.346,533,0.0068,0.0743,0.3081,1.8601,0.0,0
29,Static A*,1,18.0,0,129,0,0,0.006,0,0.0,0.0,0.0,0.0,6.45,5
29,Reactive Avoidance (Potential Field),1,34.4,0,213,0,0,0.02,0,0.0,0.0,0.0,0.0,10.65,8
29,Reactive ORCA (Velocity Obstacles),0,180.0,0,1692,0,0,0.029,0,0.0,0.0,0.0,0.0,84.6,8
29,Decentralized Local MAPF,0,180.0,0,125,0,107,0.006,0,0.0,0.0,0.0,0.0,6.25,5
30,D2RO (SW-DGO Proposed),1,62.7,0,0,70,450,0.224,450,0.0061,0.0509,0.1985,1.8496,0.0,0
30,Static A* (matched controller),1,19.2,0,141,0,8,0.109,8,0.022,0.0575,0.2282,0.2282,7.05,5
30,Local Social D* Lite,1,35.4,0,0,0,427,0.282,427,0.0064,0.0386,0.1693,1.2908,0.0,0
30,Static A*,1,18.0,0,141,0,0,0.007,0,0.0,0.0,0.0,0.0,7.05,5
30,Reactive Avoidance (Potential Field),1,34.5,0,186,0,0,0.026,0,0.0,0.0,0.0,0.0,9.3,7
30,Reactive ORCA (Velocity Obstacles),0,180.0,0,0,0,0,0.02,0,0.0,0.0,0.0,0.0,0.0,0
30,Decentralized Local MAPF,0,180.0,0,139,0,107,0.002,0,0.0,0.0,0.0,0.0,6.95,5
31,D2RO (SW-DGO Proposed),1,51.15,0,0,70,431,0.091,431,0.0029,0.0257,0.0953,0.6236,0.0,0
31,Static A* (matched controller),1,19.2,0,133,0,8,0.039,8,0.0115,0.0237,0.0958,0.0958,6.65,5
31,Local Social D* Lite,1,28.2,0,0,0,435,0.092,435,0.0024,0.0197,0.0842,0.3255,0.0,0
31,Static A*,1,18.0,0,133,0,0,0.002,0,0.0,0.0,0.0,0.0,6.65,5
31,Reactive Avoidance (Potential Field),1,34.5,0,183,0,0,0.009,0,0.0,0.0,0.0,0.0,9.15,7
31,Reactive ORCA (Velocity Obstacles),0,180.0,0,0,0,0,0.01,0,0.0,0.0,0.0,0.0,0.0,0
31,Decentralized Local MAPF,0,180.0,0,131,0,107,0.002,0,0.0,0.0,0.0,0.0,6.55,5
32,D2RO (SW-DGO Proposed),1,44.35,0,0,72,345,0.104,345,0.0025,0.0181,0.0666,0.4838,0.0,0
32,Static A* (matched controller),1,19.2,0,130,0,8,0.039,8,0.0083,0.0231,0.0948,0.0948,6.5,5
32,Local Social D* Lite,1,27.9,0,0,0,356,0.093,356,0.0023,0.0166,0.0689,0.328,0.0,0
32,Static A*,1,18.0,0,129,0,0,0.002,0,0.0,0.0,0.0,0.0,6.45,5
32,Reactive Avoidance (Potential Field),1,34.6,0,316,0,0,0.008,0,0.0,0.0,0.0,0.0,15.8,10
32,Reactive ORCA (Velocity Obstacles),0,180.0,0,0,0,0,0.009,0,0.0,0.0,0.0,0.0,0.0,0
32,Decentralized Local MAPF,0,180.0,0,127,0,107,0.002,0,0.0,0.0,0.0,0.0,6.35,5
33,D2RO (SW-DGO Proposed),1,95.35,0,124,100,875,0.117,875,0.0056,0.0761,0.3386,0.9621,6.2,1
33,Static A* (matched controller),1,19.2,0,123,0,8,0.039,8,0.0105,0.0244,0.0941,0.0941,6.15,5
33,Local Social D* Lite,1,48.55,0,0,0,593,0.1,593,0.0034,0.0489,0.1942,0.5915,0.0,0
33,Static A*,1,18.0,0,123,0,0,0.002,0,0.0,0.0,0.0,0.0,6.15,5
33,Reactive Avoidance (Potential Field),1,34.55,0,146,0,0,0.007,0,0.0,0.0,0.0,0.0,7.3,7
33,Reactive ORCA (Velocity Obstacles),0,180.0,0,0,0,0,0.009,0,0.0,0.0,0.0,0.0,0.0,0
33,Decentralized Local MAPF,0,180.0,0,121,0,107,0.002,0,0.0,0.0,0.0,0.0,6.05,5
34,D2RO (SW-DGO Proposed),1,42.2,0,0,72,497,0.15,497,0.0024,0.0167,0.0761,0.4758,0.0,0
34,Static A* (matched controller),1,19.2,0,127,0,8,0.039,8,0.0072,0.0226,0.094,0.094,6.35,5
34,Local Social D* Lite,1,32.75,0,0,0,493,0.152,493,0.0029,0.0296,0.1086,0.4101,0.0,0
34,Static A*,1,18.0,0,127,0,0,0.002,0,0.0,0.0,0.0,0.0,6.35,5
34,Reactive Avoidance (Potential Field),1,34.5,0,215,0,0,0.008,0,0.0,0.0,0.0,0.0,10.75,10
34,Reactive ORCA (Velocity Obstacles),0,180.0,0,44,0,0,0.009,0,0.0,0.0,0.0,0.0,2.2,1
34,Decentralized Local MAPF,0,180.0,0,126,0,107,0.002,0,0.0,0.0,0.0,0.0,6.3,5
35,D2RO (SW-DGO Proposed),1,27.0,0,0,86,374,0.145,374,0.0031,0.0229,0.0994,0.5183,0.0,0
35,Static A* (matched controller),1,19.2,0,123,0,8,0.038,8,0.0088,0.024,0.0947,0.0947,6.15,5
35,Local Social D* Lite,1,37.45,0,0,0,386,0.102,386,0.0023,0.0204,0.0912,0.3883,0.0,0
35,Static A*,1,18.0,0,123,0,0,0.002,0,0.0,0.0,0.0,0.0,6.15,5
35,Reactive Avoidance (Potential Field),1,34.55,0,182,0,0,0.008,0,0.0,0.0,0.0,0.0,9.1,8
35,Reactive ORCA (Velocity Obstacles),0,180.0,0,711,0,0,0.01,0,0.0,0.0,0.0,0.0,35.55,7
35,Decentralized Local MAPF,0,180.0,0,123,0,107,0.002,0,0.0,0.0,0.0,0.0,6.15,5
36,D2RO (SW-DGO Proposed),1,44.35,0,0,72,381,0.155,381,0.0024,0.0157,0.0771,0.4913,0.0,0
36,Static A* (matched controller),1,19.2,0,135,0,8,0.038,8,0.0089,0.0235,0.0953,0.0953,6.75,5
36,Local Social D* Lite,1,27.8,0,0,0,373,0.145,373,0.0026,0.0152,0.0821,0.4233,0.0,0
36,Static A*,1,18.0,0,135,0,0,0.002,0,0.0,0.0,0.0,0.0,6.75,5
36,Reactive Avoidance (Potential Field),1,34.55,0,189,0,0,0.008,0,0.0,0.0,0.0,0.0,9.45,8
36,Reactive ORCA (Velocity Obstacles),0,180.0,0,1094,0,0,0.01,0,0.0,0.0,0.0,0.0,54.7,8
36,Decentralized Local MAPF,0,180.0,0,135,0,107,0.002,0,0.0,0.0,0.0,0.0,6.75,5
37,D2RO (SW-DGO Proposed),1,63.25,0,0,73,628,0.103,628,0.0029,0.035,0.1558,0.715,0.0,0
37,Static A* (matched controller),1,19.2,0,128,0,8,0.039,8,0.0089,0.0241,0.0955,0.0955,6.4,5
37,Local Social D* Lite,1,34.3,0,0,0,485,0.102,485,0.0028,0.0398,0.2022,0.4033,0.0,0
37,Static A*,1,18.0,0,128,0,0,0.002,0,0.0,0.0,0.0,0.0,6.4,5
37,Reactive Avoidance (Potential Field),1,34.45,0,166,0,0,0.008,0,0.0,0.0,0.0,0.0,8.3,7
37,Reactive ORCA (Velocity Obstacles),0,180.0,0,1076,0,0,0.011,0,0.0,0.0,0.0,0.0,53.8,4
37,Decentralized Local MAPF,0,180.0,0,127,0,107,0.002,0,0.0,0.0,0.0,0.0,6.35,5
38,D2RO (SW-DGO Proposed),1,36.35,0,0,89,474,0.118,474,0.0027,0.0303,0.1251,0.5186,0.0,0
38,Static A* (matched controller),1,19.2,0,131,0,8,0.037,8,0.009,0.0232,0.0942,0.0942,6.55,5
38,Local Social D* Lite,1,26.35,0,0,0,375,0.096,375,0.0024,0.013,0.0576,0.3304,0.0,0
38,Static A*,1,18.0,0,131,0,0,0.002,0,0.0,0.0,0.0,0.0,6.55,5
38,Reactive Avoidance (Potential Field),1,34.15,0,375,0,0,0.008,0,0.0,0.0,0.0,0.0,18.75,10
38,Reactive ORCA (Velocity Obstacles),0,180.0,0,0,0,0,0.009,0,0.0,0.0,0.0,0.0,0.0,0
38,Decentralized Local MAPF,0,180.0,0,128,0,107,0.002,0,0.0,0.0,0.0,0.0,6.4,5
39,D2RO (SW-DGO Proposed),1,42.6,0,0,74,367,0.112,367,0.0023,0.0169,0.0809,0.4086,0.0,0
39,Static A* (matched controller),1,19.2,0,131,0,8,0.04,8,0.0105,0.024,0.0961,0.0961,6.55,5
39,Local Social D* Lite,1,27.55,0,0,0,362,0.099,362,0.0023,0.014,0.0781,0.2876,0.0,0
39,Static A*,1,18.0,0,131,0,0,0.002,0,0.0,0.0,0.0,0.0,6.55,5
39,Reactive Avoidance (Potential Field),1,34.45,0,161,0,0,0.009,0,0.0,0.0,0.0,0.0,8.05,7
39,Reactive ORCA (Velocity Obstacles),0,180.0,0,0,0,0,0.009,0,0.0,0.0,0.0,0.0,0.0,0
39,Decentralized Local MAPF,0,180.0,0,131,0,107,0.002,0,0.0,0.0,0.0,0.0,6.55,5
40,D2RO (SW-DGO Proposed),1,82.75,0,0,70,672,0.102,672,0.0031,0.0551,0.2563,1.2068,0.0,0
40,Static A* (matched controller),1,19.2,0,124,0,8,0.039,8,0.0084,0.0234,0.0965,0.0965,6.2,5
40,Local Social D* Lite,1,33.95,0,0,0,402,0.086,402,0.0022,0.0181,0.089,0.3547,0.0,0
40,Static A*,1,18.0,0,124,0,0,0.002,0,0.0,0.0,0.0,0.0,6.2,5
40,Reactive Avoidance (Potential Field),1,34.65,0,223,0,0,0.008,0,0.0,0.0,0.0,0.0,11.15,9
40,Reactive ORCA (Velocity Obstacles),0,180.0,0,1207,0,0,0.01,0,0.0,0.0,0.0,0.0,60.35,10
40,Decentralized Local MAPF,0,180.0,0,124,0,107,0.002,0,0.0,0.0,0.0,0.0,6.2,5
41,D2RO (SW-DGO Proposed),1,28.4,0,0,95,595,0.161,595,0.0099,0.062,0.3093,1.1253,0.0,0
41,Static A* (matched controller),1,19.2,0,178,0,8,0.041,8,0.0087,0.0318,0.1568,0.1568,8.9,7
41,Local Social D* Lite,1,41.35,0,0,0,674,0.115,674,0.0051,0.0613,0.3063,0.8812,0.0,0
41,Static A*,1,18.0,0,171,0,0,0.002,0,0.0,0.0,0.0,0.0,8.55,7
41,Reactive Avoidance (Potential Field),1,34.45,0,213,0,0,0.008,0,0.0,0.0,0.0,0.0,10.65,8
41,Reactive ORCA (Velocity Obstacles),0,180.0,0,226,0,0,0.01,0,0.0,0.0,0.0,0.0,11.3,2
41,Decentralized Local MAPF,0,180.0,0,227,0,107,0.002,0,0.0,0.0,0.0,0.0,11.35,7
42,D2RO (SW-DGO Proposed),1,21.15,0,0,86,403,0.151,403,0.0025,0.0265,0.1086,0.3043,0.0,0
42,Static A* (matched controller),1,19.2,0,145,0,8,0.041,8,0.0108,0.0248,0.0963,0.0963,7.25,5
42,Local Social D* Lite,1,21.15,0,0,0,389,0.142,389,0.0028,0.0308,0.1212,0.5739,0.0,0
42,Static A*,1,18.0,0,145,0,0,0.002,0,0.0,0.0,0.0,0.0,7.25,5
42,Reactive Avoidance (Potential Field),1,34.3,0,225,0,0,0.008,0,0.0,0.0,0.0,0.0,11.25,8
42,Reactive ORCA (Velocity Obstacles),0,180.0,0,186,0,0,0.01,0,0.0,0.0,0.0,0.0,9.3,3
42,Decentralized Local MAPF,0,180.0,0,382,0,107,0.002,0,0.0,0.0,0.0,0.0,19.1,10
43,D2RO (SW-DGO Proposed),1,34.35,0,0,75,446,0.182,446,0.0028,0.0303,0.1101,0.7191,0.0,0
43,Static A* (matched controller),1,19.2,0,140,0,8,0.037,8,0.0079,0.024,0.0926,0.0926,7.0,5
43,Local Social D* Lite,1,55.95,0,0,0,479,0.139,479,0.0029,0.0337,0.1114,0.8048,0.0,0
43,Static A*,1,18.0,0,140,0,0,0.002,0,0.0,0.0,0.0,0.0,7.0,5
43,Reactive Avoidance (Potential Field),1,34.45,0,193,0,0,0.008,0,0.0,0.0,0.0,0.0,9.65,7
43,Reactive ORCA (Velocity Obstacles),0,180.0,0,2455,0,0,0.011,0,0.0,0.0,0.0,0.0,122.75,5
43,Decentralized Local MAPF,0,180.0,0,138,0,107,0.002,0,0.0,0.0,0.0,0.0,6.9,5
44,D2RO (SW-DGO Proposed),1,44.35,0,0,70,364,0.092,364,0.003,0.018,0.0756,0.5611,0.0,0
44,Static A* (matched controller),1,19.2,0,139,0,8,0.037,8,0.008,0.0229,0.0937,0.0937,6.95,5
44,Local Social D* Lite,1,28.25,0,0,0,375,0.083,375,0.0022,0.0111,0.043,0.3346,0.0,0
44,Static A*,1,18.0,0,139,0,0,0.002,0,0.0,0.0,0.0,0.0,6.95,5
44,Reactive Avoidance (Potential Field),1,34.5,0,334,0,0,0.008,0,0.0,0.0,0.0,0.0,16.7,17
44,Reactive ORCA (Velocity Obstacles),0,180.0,0,0,0,0,0.009,0,0.0,0.0,0.0,0.0,0.0,0
44,Decentralized Local MAPF,0,180.0,0,135,0,107,0.002,0,0.0,0.0,0.0,0.0,6.75,5
45,D2RO (SW-DGO Proposed),1,62.55,0,0,76,544,0.07,544,0.0025,0.023,0.0909,0.7689,0.0,0
45,Static A* (matched controller),1,19.2,0,133,0,8,0.038,8,0.0118,0.0247,0.0928,0.0928,6.65,5
45,Local Social D* Lite,1,43.35,0,0,0,581,0.089,581,0.0025,0.0241,0.0962,0.6237,0.0,0
45,Static A*,1,18.0,0,133,0,0,0.002,0,0.0,0.0,0.0,0.0,6.65,5
45,Reactive Avoidance (Potential Field),1,34.55,0,173,0,0,0.007,0,0.0,0.0,0.0,0.0,8.65,7
45,Reactive ORCA (Velocity Obstacles),0,180.0,0,72,0,0,0.009,0,0.0,0.0,0.0,0.0,3.6,2
45,Decentralized Local MAPF,0,180.0,0,133,0,107,0.002,0,0.0,0.0,0.0,0.0,6.65,5
46,D2RO (SW-DGO Proposed),1,38.05,0,0,88,439,0.15,439,0.0026,0.0166,0.0757,0.4826,0.0,0
46,Static A* (matched controller),1,19.2,0,128,0,8,0.038,8,0.0091,0.0269,0.0973,0.0973,6.4,5
46,Local Social D* Lite,1,32.95,0,0,0,416,0.113,416,0.0023,0.0164,0.0769,0.337,0.0,0
46,Static A*,1,18.0,0,127,0,0,0.002,0,0.0,0.0,0.0,0.0,6.35,5
46,Reactive Avoidance (Potential Field),1,34.4,0,214,0,0,0.009,0,0.0,0.0,0.0,0.0,10.7,8
46,Reactive ORCA (Velocity Obstacles),0,180.0,0,0,0,0,0.009,0,0.0,0.0,0.0,0.0,0.0,0
46,Decentralized Local MAPF,0,180.0,0,122,0,107,0.002,0,0.0,0.0,0.0,0.0,6.1,5
47,D2RO (SW-DGO Proposed),1,43.35,0,0,74,397,0.136,397,0.0023,0.0154,0.05,0.4121,0.0,0
47,Static A* (matched controller),1,19.2,0,134,0,8,0.037,8,0.0088,0.0271,0.1153,0.1153,6.7,5
47,Local Social D* Lite,1,27.95,0,0,0,395,0.124,395,0.0024,0.0164,0.0692,0.3096,0.0,0
47,Static A*,1,18.0,0,134,0,0,0.003,0,0.0,0.0,0.0,0.0,6.7,5
47,Reactive Avoidance (Potential Field),1,35.2,0,241,0,0,0.008,0,0.0,0.0,0.0,0.0,12.05,9
47,Reactive ORCA (Velocity Obstacles),0,180.0,0,174,0,0,0.009,0,0.0,0.0,0.0,0.0,8.7,3
47,Decentralized Local MAPF,0,180.0,0,132,0,107,0.002,0,0.0,0.0,0.0,0.0,6.6,5
48,D2RO (SW-DGO Proposed),1,53.8,0,0,70,460,0.088,460,0.0028,0.028,0.0948,0.7488,0.0,0
48,Static A* (matched controller),1,19.2,0,133,0,8,0.038,8,0.011,0.0252,0.0962,0.0962,6.65,5
48,Local Social D* Lite,1,28.25,0,0,0,368,0.098,368,0.0025,0.0192,0.0857,0.3527,0.0,0
48,Static A*,1,18.0,0,133,0,0,0.002,0,0.0,0.0,0.0,0.0,6.65,5
48,Reactive Avoidance (Potential Field),1,34.35,0,187,0,0,0.008,0,0.0,0.0,0.0,0.0,9.35,7
48,Reactive ORCA (Velocity Obstacles),0,180.0,0,2064,0,0,0.011,0,0.0,0.0,0.0,0.0,103.2,1
48,Decentralized Local MAPF,0,180.0,0,133,0,107,0.002,0,0.0,0.0,0.0,0.0,6.65,5
49,D2RO (SW-DGO Proposed),1,47.5,0,0,75,524,0.132,524,0.0027,0.0228,0.0862,0.6231,0.0,0
49,Static A* (matched controller),1,19.2,0,127,0,8,0.039,8,0.0091,0.0262,0.1032,0.1032,6.35,5
49,Local Social D* Lite,1,35.25,0,0,0,408,0.095,408,0.0025,0.0147,0.0817,0.3915,0.0,0
49,Static A*,1,18.0,0,127,0,0,0.002,0,0.0,0.0,0.0,0.0,6.35,5
49,Reactive Avoidance (Potential Field),1,35.05,0,325,0,0,0.007,0,0.0,0.0,0.0,0.0,16.25,9
49,Reactive ORCA (Velocity Obstacles),0,180.0,0,704,0,0,0.01,0,0.0,0.0,0.0,0.0,35.2,4
49,Decentralized Local MAPF,0,180.0,0,128,0,107,0.002,0,0.0,0.0,0.0,0.0,6.4,5
50,D2RO (SW-DGO Proposed),1,31.4,0,0,86,428,0.208,428,0.0031,0.0287,0.1129,0.659,0.0,0
50,Static A* (matched controller),1,19.2,0,129,0,8,0.041,8,0.008,0.023,0.0939,0.0939,6.45,5
50,Local Social D* Lite,1,88.35,0,0,0,789,0.22,789,0.0046,0.0416,0.1527,0.7465,0.0,0
50,Static A*,1,18.0,0,129,0,0,0.002,0,0.0,0.0,0.0,0.0,6.45,5
50,Reactive Avoidance (Potential Field),1,34.55,0,250,0,0,0.007,0,0.0,0.0,0.0,0.0,12.5,9
50,Reactive ORCA (Velocity Obstacles),0,180.0,0,1284,0,0,0.011,0,0.0,0.0,0.0,0.0,64.2,3
50,Decentralized Local MAPF,0,180.0,0,149,0,107,0.002,0,0.0,0.0,0.0,0.0,7.45,6
51,D2RO (SW-DGO Proposed),1,38.65,0,0,64,392,0.137,392,0.0026,0.0153,0.0673,0.4358,0.0,0
51,Static A* (matched controller),1,19.2,0,129,0,8,0.038,8,0.0093,0.0255,0.102,0.102,6.45,5
51,Local Social D* Lite,1,38.95,0,0,0,414,0.119,414,0.0026,0.0165,0.0631,0.6203,0.0,0
51,Static A*,1,18.0,0,129,0,0,0.002,0,0.0,0.0,0.0,0.0,6.45,5
51,Reactive Avoidance (Potential Field),1,34.55,0,208,0,0,0.014,0,0.0,0.0,0.0,0.0,10.4,9
51,Reactive ORCA (Velocity Obstacles),0,180.0,0,185,0,0,0.012,0,0.0,0.0,0.0,0.0,9.25,1
51,Decentralized Local MAPF,0,180.0,0,131,0,107,0.002,0,0.0,0.0,0.0,0.0,6.55,5
52,D2RO (SW-DGO Proposed),1,36.4,0,0,86,426,0.113,426,0.0035,0.0211,0.1085,0.3933,0.0,0
52,Static A* (matched controller),1,19.2,0,122,0,8,0.042,8,0.0081,0.023,0.0928,0.0928,6.1,5
52,Local Social D* Lite,1,30.0,0,0,0,336,0.082,336,0.0022,0.0179,0.0687,0.3509,0.0,0
52,Static A*,1,18.0,0,122,0,0,0.003,0,0.0,0.0,0.0,0.0,6.1,5
52,Reactive Avoidance (Potential Field),1,34.55,0,273,0,0,0.008,0,0.0,0.0,0.0,0.0,13.65,9
52,Reactive ORCA (Velocity Obstacles),0,180.0,0,0,0,0,0.009,0,0.0,0.0,0.0,0.0,0.0,0
52,Decentralized Local MAPF,0,180.0,0,121,0,107,0.002,0,0.0,0.0,0.0,0.0,6.05,5
53,D2RO (SW-DGO Proposed),1,69.3,0,0,76,667,0.123,667,0.0026,0.0253,0.0999,0.9073,0.0,0
53,Static A* (matched controller),1,19.2,0,125,0,8,0.038,8,0.0109,0.0296,0.119,0.119,6.25,5
53,Local Social D* Lite,1,38.05,0,0,0,546,0.101,546,0.0025,0.0235,0.104,0.3362,0.0,0
53,Static A*,1,18.0,0,125,0,0,0.002,0,0.0,0.0,0.0,0.0,6.25,5
53,Reactive Avoidance (Potential Field),1,34.45,0,224,0,0,0.007,0,0.0,0.0,0.0,0.0,11.2,10
53,Reactive ORCA (Velocity Obstacles),0,180.0,0,1160,0,0,0.01,0,0.0,0.0,0.0,0.0,58.0,9
53,Decentralized Local MAPF,0,180.0,0,125,0,107,0.002,0,0.0,0.0,0.0,0.0,6.25,5
54,D2RO (SW-DGO Proposed),1,45.75,0,0,72,353,0.1,353,0.0024,0.022,0.0817,0.9128,0.0,0
54,Static A* (matched controller),1,19.2,0,124,0,8,0.039,8,0.0099,0.0241,0.0939,0.0939,6.2,5
54,Local Social D* Lite,1,30.8,0,0,0,365,0.094,365,0.0023,0.0199,0.0817,0.4329,0.0,0
54,Static A*,1,18.0,0,124,0,0,0.002,0,0.0,0.0,0.0,0.0,6.2,5
54,Reactive Avoidance (Potential Field),1,34.6,0,155,0,0,0.008,0,0.0,0.0,0.0,0.0,7.75,7
54,Reactive ORCA (Velocity Obstacles),0,180.0,0,0,0,0,0.009,0,0.0,0.0,0.0,0.0,0.0,0
54,Decentralized Local MAPF,0,180.0,0,126,0,107,0.002,0,0.0,0.0,0.0,0.0,6.3,5
55,D2RO (SW-DGO Proposed),1,44.35,0,0,72,386,0.133,386,0.0025,0.0168,0.0773,0.5058,0.0,0
55,Static A* (matched controller),1,19.2,0,127,0,8,0.037,8,0.0085,0.0233,0.0933,0.0933,6.35,5
55,Local Social D* Lite,1,71.65,0,39,0,648,0.141,648,0.0046,0.0578,0.2702,0.7681,1.95,1
55,Static A*,1,18.0,0,127,0,0,0.002,0,0.0,0.0,0.0,0.0,6.35,5
55,Reactive Avoidance (Potential Field),1,34.5,0,269,0,0,0.008,0,0.0,0.0,0.0,0.0,13.45,9
55,Reactive ORCA (Velocity Obstacles),0,180.0,0,0,0,0,0.009,0,0.0,0.0,0.0,0.0,0.0,0
55,Decentralized Local MAPF,0,180.0,0,123,0,107,0.002,0,0.0,0.0,0.0,0.0,6.15,5
56,D2RO (SW-DGO Proposed),0,180.0,0,182,84,1422,0.164,1422,0.0024,0.0323,0.1421,1.7532,9.1,2
56,Static A* (matched controller),1,19.2,0,143,0,8,0.037,8,0.009,0.0248,0.1034,0.1034,7.15,5
56,Local Social D* Lite,1,70.45,0,0,0,620,0.138,620,0.0025,0.0475,0.2245,0.9297,0.0,0
56,Static A*,1,18.0,0,143,0,0,0.002,0,0.0,0.0,0.0,0.0,7.15,5
56,Reactive Avoidance (Potential Field),1,34.4,0,204,0,0,0.008,0,0.0,0.0,0.0,0.0,10.2,8
56,Reactive ORCA (Velocity Obstacles),0,180.0,0,1169,0,0,0.01,0,0.0,0.0,0.0,0.0,58.45,6
56,Decentralized Local MAPF,0,180.0,0,140,0,107,0.002,0,0.0,0.0,0.0,0.0,7.0,5
57,D2RO (SW-DGO Proposed),1,49.8,0,0,74,494,0.114,494,0.0024,0.0264,0.1142,0.6009,0.0,0
57,Static A* (matched controller),1,19.2,0,123,0,8,0.037,8,0.0096,0.0236,0.0954,0.0954,6.15,5
57,Local Social D* Lite,1,34.55,0,0,0,482,0.096,482,0.0027,0.0214,0.0844,0.2753,0.0,0
57,Static A*,1,18.0,0,123,0,0,0.002,0,0.0,0.0,0.0,0.0,6.15,5
57,Reactive Avoidance (Potential Field),1,34.45,0,431,0,0,0.008,0,0.0,0.0,0.0,0.0,21.55,10
57,Reactive ORCA (Velocity Obstacles),0,180.0,0,135,0,0,0.01,0,0.0,0.0,0.0,0.0,6.75,1
57,Decentralized Local MAPF,0,180.0,0,122,0,107,0.002,0,0.0,0.0,0.0,0.0,6.1,5
58,D2RO (SW-DGO Proposed),1,40.75,0,0,73,479,0.11,479,0.0023,0.023,0.0882,0.5214,0.0,0
58,Static A* (matched controller),1,19.2,0,125,0,8,0.036,8,0.0078,0.0227,0.0936,0.0936,6.25,5
58,Local Social D* Lite,1,29.85,0,0,0,410,0.106,410,0.0022,0.016,0.0713,0.3701,0.0,0
58,Static A*,1,18.0,0,125,0,0,0.002,0,0.0,0.0,0.0,0.0,6.25,5
58,Reactive Avoidance (Potential Field),1,34.55,0,153,0,0,0.007,0,0.0,0.0,0.0,0.0,7.65,7
58,Reactive ORCA (Velocity Obstacles),0,180.0,0,278,0,0,0.009,0,0.0,0.0,0.0,0.0,13.9,4
58,Decentralized Local MAPF,0,180.0,0,125,0,107,0.002,0,0.0,0.0,0.0,0.0,6.25,5
59,D2RO (SW-DGO Proposed),1,57.2,0,0,73,600,0.106,600,0.0023,0.0212,0.0864,0.6652,0.0,0
59,Static A* (matched controller),1,19.2,0,128,0,8,0.037,8,0.0073,0.0275,0.1115,0.1115,6.4,5
59,Local Social D* Lite,1,34.3,0,0,0,430,0.094,430,0.0022,0.0171,0.0839,0.4446,0.0,0
59,Static A*,1,18.0,0,128,0,0,0.002,0,0.0,0.0,0.0,0.0,6.4,5
59,Reactive Avoidance (Potential Field),1,34.55,0,168,0,0,0.008,0,0.0,0.0,0.0,0.0,8.4,7
59,Reactive ORCA (Velocity Obstacles),0,180.0,0,0,0,0,0.009,0,0.0,0.0,0.0,0.0,0.0,0
59,Decentralized Local MAPF,0,180.0,0,129,0,107,0.002,0,0.0,0.0,0.0,0.0,6.45,5
60,D2RO (SW-DGO Proposed),1,44.35,0,0,72,410,0.098,410,0.0023,0.0275,0.0692,5.4663,0.0,0
60,Static A* (matched controller),1,19.2,0,124,0,8,0.038,8,0.0095,0.0239,0.0974,0.0974,6.2,5
60,Local Social D* Lite,1,28.1,0,0,0,362,0.083,362,0.0022,0.0111,0.0396,0.3301,0.0,0
60,Static A*,1,18.0,0,124,0,0,0.002,0,0.0,0.0,0.0,0.0,6.2,5
60,Reactive Avoidance (Potential Field),1,34.5,0,175,0,0,0.007,0,0.0,0.0,0.0,0.0,8.75,21
60,Reactive ORCA (Velocity Obstacles),0,180.0,0,33,0,0,0.009,0,0.0,0.0,0.0,0.0,1.65,1
60,Decentralized Local MAPF,0,180.0,0,123,0,107,0.002,0,0.0,0.0,0.0,0.0,6.15,5
61,D2RO (SW-DGO Proposed),1,38.5,0,0,88,416,0.105,416,0.0023,0.0193,0.0756,0.6494,0.0,0
61,Static A* (matched controller),1,19.2,0,133,0,8,0.038,8,0.0077,0.0225,0.0924,0.0924,6.65,5
61,Local Social D* Lite,1,55.35,0,0,0,579,0.089,579,0.0025,0.0348,0.1569,0.6376,0.0,0
61,Static A*,1,18.0,0,133,0,0,0.002,0,0.0,0.0,0.0,0.0,6.65,5
61,Reactive Avoidance (Potential Field),1,34.35,0,220,0,0,0.009,0,0.0,0.0,0.0,0.0,11.0,8
61,Reactive ORCA (Velocity Obstacles),0,180.0,0,0,0,0,0.009,0,0.0,0.0,0.0,0.0,0.0,0
61,Decentralized Local MAPF,0,180.0,0,132,0,107,0.002,0,0.0,0.0,0.0,0.0,6.6,5
62,D2RO (SW-DGO Proposed),1,76.95,0,0,70,542,0.087,542,0.0024,0.0328,0.187,0.5926,0.0,0
62,Static A* (matched controller),1,19.2,0,132,0,8,0.039,8,0.0083,0.023,0.0932,0.0932,6.6,5
62,Local Social D* Lite,1,32.05,0,0,0,366,0.087,366,0.0023,0.0139,0.0686,0.3788,0.0,0
62,Static A*,1,18.0,0,132,0,0,0.002,0,0.0,0.0,0.0,0.0,6.6,5
62,Reactive Avoidance (Potential Field),1,34.4,0,186,0,0,0.008,0,0.0,0.0,0.0,0.0,9.3,7
62,Reactive ORCA (Velocity Obstacles),0,180.0,0,0,0,0,0.009,0,0.0,0.0,0.0,0.0,0.0,0
62,Decentralized Local MAPF,0,180.0,0,132,0,107,0.002,0,0.0,0.0,0.0,0.0,6.6,5
63,D2RO (SW-DGO Proposed),1,53.0,0,0,72,465,0.117,465,0.0024,0.0202,0.081,0.5926,0.0,0
63,Static A* (matched controller),1,19.2,0,129,0,8,0.042,8,0.0109,0.0258,0.1014,0.1014,6.45,5
63,Local Social D* Lite,1,29.85,0,0,0,404,0.105,404,0.0023,0.0166,0.0779,0.5636,0.0,0
63,Static A*,1,18.0,0,129,0,0,0.002,0,0.0,0.0,0.0,0.0,6.45,5
63,Reactive Avoidance (Potential Field),1,34.5,0,334,0,0,0.008,0,0.0,0.0,0.0,0.0,16.7,9
63,Reactive ORCA (Velocity Obstacles),0,180.0,0,101,0,0,0.01,0,0.0,0.0,0.0,0.0,5.05,1
63,Decentralized Local MAPF,0,180.0,0,131,0,107,0.002,0,0.0,0.0,0.0,0.0,6.55,5
64,D2RO (SW-DGO Proposed),1,41.6,0,0,88,686,0.154,686,0.0031,0.0789,0.1763,24.7452,0.0,0
64,Static A* (matched controller),1,19.2,0,191,0,8,0.039,8,0.0087,0.0245,0.1015,0.1015,9.55,7
64,Local Social D* Lite,1,40.45,0,0,0,602,0.121,602,0.0026,0.041,0.1906,0.4951,0.0,0
64,Static A*,1,18.0,0,147,0,0,0.002,0,0.0,0.0,0.0,0.0,7.35,6
64,Reactive Avoidance (Potential Field),1,34.5,0,200,0,0,0.008,0,0.0,0.0,0.0,0.0,10.0,9
64,Reactive ORCA (Velocity Obstacles),0,180.0,0,2354,0,0,0.01,0,0.0,0.0,0.0,0.0,117.7,10
64,Decentralized Local MAPF,0,180.0,0,142,0,107,0.002,0,0.0,0.0,0.0,0.0,7.1,6
65,D2RO (SW-DGO Proposed),1,43.0,0,0,74,373,0.134,373,0.0022,0.0135,0.0533,0.4015,0.0,0
65,Static A* (matched controller),1,19.2,0,131,0,8,0.038,8,0.0073,0.0226,0.0944,0.0944,6.55,5
65,Local Social D* Lite,1,27.1,0,0,0,397,0.121,397,0.0023,0.0198,0.0831,0.8037,0.0,0
65,Static A*,1,18.0,0,131,0,0,0.002,0,0.0,0.0,0.0,0.0,6.55,5
65,Reactive Avoidance (Potential Field),1,34.6,0,306,0,0,0.008,0,0.0,0.0,0.0,0.0,15.3,14
65,Reactive ORCA (Velocity Obstacles),0,180.0,0,0,0,0,0.009,0,0.0,0.0,0.0,0.0,0.0,0
65,Decentralized Local MAPF,0,180.0,0,131,0,107,0.002,0,0.0,0.0,0.0,0.0,6.55,5
66,D2RO (SW-DGO Proposed),1,54.9,0,0,64,403,0.15,403,0.0025,0.0204,0.0789,0.8288,0.0,0
66,Static A* (matched controller),1,19.2,0,136,0,8,0.039,8,0.0102,0.0263,0.0979,0.0979,6.8,5
66,Local Social D* Lite,1,64.25,0,11,0,707,0.114,707,0.0025,0.0217,0.0804,0.8648,0.55,1
66,Static A*,1,18.0,0,136,0,0,0.002,0,0.0,0.0,0.0,0.0,6.8,5
66,Reactive Avoidance (Potential Field),1,34.55,0,283,0,0,0.008,0,0.0,0.0,0.0,0.0,14.15,9
66,Reactive ORCA (Velocity Obstacles),0,180.0,0,1258,0,0,0.01,0,0.0,0.0,0.0,0.0,62.9,11
66,Decentralized Local MAPF,0,180.0,0,134,0,107,0.002,0,0.0,0.0,0.0,0.0,6.7,5
67,D2RO (SW-DGO Proposed),1,50.0,0,0,94,644,0.098,644,0.0024,0.0256,0.1032,0.4705,0.0,0
67,Static A* (matched controller),1,19.2,0,131,0,8,0.037,8,0.0087,0.0233,0.0957,0.0957,6.55,5
67,Local Social D* Lite,1,59.05,0,0,0,676,0.115,676,0.0031,0.0551,0.2108,0.4698,0.0,0
67,Static A*,1,18.0,0,131,0,0,0.002,0,0.0,0.0,0.0,0.0,6.55,5
67,Reactive Avoidance (Potential Field),1,34.45,0,170,0,0,0.007,0,0.0,0.0,0.0,0.0,8.5,7
67,Reactive ORCA (Velocity Obstacles),0,180.0,0,36,0,0,0.009,0,0.0,0.0,0.0,0.0,1.8,1
67,Decentralized Local MAPF,0,180.0,0,128,0,107,0.002,0,0.0,0.0,0.0,0.0,6.4,5
68,D2RO (SW-DGO Proposed),1,75.45,0,455,126,759,0.13,759,0.0026,0.0394,0.2023,0.5636,22.75,2
68,Static A* (matched controller),1,19.2,0,131,0,8,0.038,8,0.0097,0.0245,0.1014,0.1014,6.55,5
68,Local Social D* Lite,1,29.85,0,0,0,400,0.098,400,0.0022,0.017,0.0728,0.4007,0.0,0
68,Static A*,1,18.0,0,131,0,0,0.002,0,0.0,0.0,0.0,0.0,6.55,5
68,Reactive Avoidance (Potential Field),1,34.5,0,180,0,0,0.007,0,0.0,0.0,0.0,0.0,9.0,8
68,Reactive ORCA (Velocity Obstacles),0,180.0,0,164,0,0,0.009,0,0.0,0.0,0.0,0.0,8.2,1
68,Decentralized Local MAPF,0,180.0,0,128,0,107,0.002,0,0.0,0.0,0.0,0.0,6.4,5
69,D2RO (SW-DGO Proposed),1,74.25,0,180,128,747,0.107,747,0.0033,0.0375,0.1432,0.6955,9.0,1
69,Static A* (matched controller),1,19.2,0,123,0,8,0.039,8,0.0099,0.0242,0.0959,0.0959,6.15,5
69,Local Social D* Lite,1,52.85,0,0,0,409,0.071,409,0.0023,0.0268,0.1105,0.6075,0.0,0
69,Static A*,1,18.0,0,123,0,0,0.002,0,0.0,0.0,0.0,0.0,6.15,5
69,Reactive Avoidance (Potential Field),1,34.55,0,137,0,0,0.007,0,0.0,0.0,0.0,0.0,6.85,6
69,Reactive ORCA (Velocity Obstacles),0,180.0,0,1110,0,0,0.01,0,0.0,0.0,0.0,0.0,55.5,4
69,Decentralized Local MAPF,0,180.0,0,121,0,107,0.002,0,0.0,0.0,0.0,0.0,6.05,5
70,D2RO (SW-DGO Proposed),1,34.45,0,0,74,499,0.128,499,0.0026,0.0294,0.1058,0.6103,0.0,0
70,Static A* (matched controller),1,19.2,0,116,0,8,0.038,8,0.0092,0.023,0.093,0.093,5.8,5
70,Local Social D* Lite,1,80.95,0,0,0,663,0.074,663,0.0025,0.0298,0.1101,0.7607,0.0,0
70,Static A*,1,18.0,0,116,0,0,0.002,0,0.0,0.0,0.0,0.0,5.8,5
70,Reactive Avoidance (Potential Field),1,34.55,0,184,0,0,0.008,0,0.0,0.0,0.0,0.0,9.2,8
70,Reactive ORCA (Velocity Obstacles),0,180.0,0,0,0,0,0.009,0,0.0,0.0,0.0,0.0,0.0,0
70,Decentralized Local MAPF,0,180.0,0,237,0,107,0.002,0,0.0,0.0,0.0,0.0,11.85,6
71,D2RO (SW-DGO Proposed),1,43.0,0,0,72,361,0.085,361,0.0024,0.0177,0.0737,0.4757,0.0,0
71,Static A* (matched controller),1,19.2,0,123,0,8,0.038,8,0.0088,0.0242,0.0989,0.0989,6.15,5
71,Local Social D* Lite,1,27.95,0,0,0,387,0.088,387,0.0023,0.0187,0.0901,0.2831,0.0,0
71,Static A*,1,18.0,0,123,0,0,0.002,0,0.0,0.0,0.0,0.0,6.15,5
71,Reactive Avoidance (Potential Field),1,34.6,0,231,0,0,0.008,0,0.0,0.0,0.0,0.0,11.55,8
71,Reactive ORCA (Velocity Obstacles),0,180.0,0,1003,0,0,0.01,0,0.0,0.0,0.0,0.0,50.15,6
71,Decentralized Local MAPF,0,180.0,0,121,0,107,0.002,0,0.0,0.0,0.0,0.0,6.05,5
72,D2RO (SW-DGO Proposed),1,35.4,0,0,73,488,0.145,488,0.0023,0.017,0.0852,0.4767,0.0,0
72,Static A* (matched controller),1,19.2,0,122,0,8,0.036,8,0.0096,0.0234,0.0953,0.0953,6.1,5
72,Local Social D* Lite,1,33.95,0,0,0,428,0.116,428,0.0022,0.0175,0.0805,0.3879,0.0,0
72,Static A*,1,18.0,0,122,0,0,0.002,0,0.0,0.0,0.0,0.0,6.1,5
72,Reactive Avoidance (Potential Field),1,34.6,0,123,0,0,0.008,0,0.0,0.0,0.0,0.0,6.15,6
72,Reactive ORCA (Velocity Obstacles),0,180.0,0,2221,0,0,0.01,0,0.0,0.0,0.0,0.0,111.05,7
72,Decentralized Local MAPF,0,180.0,0,120,0,107,0.002,0,0.0,0.0,0.0,0.0,6.0,5
73,D2RO (SW-DGO Proposed),1,42.2,0,0,72,355,0.09,355,0.0023,0.0172,0.0838,0.3803,0.0,0
73,Static A* (matched controller),1,19.2,0,138,0,8,0.038,8,0.0076,0.0239,0.1031,0.1031,6.9,5
73,Local Social D* Lite,1,37.5,0,0,0,396,0.085,396,0.0024,0.0157,0.0759,0.3215,0.0,0
73,Static A*,1,18.0,0,138,0,0,0.002,0,0.0,0.0,0.0,0.0,6.9,5
73,Reactive Avoidance (Potential Field),1,34.55,0,280,0,0,0.008,0,0.0,0.0,0.0,0.0,14.0,10
73,Reactive ORCA (Velocity Obstacles),0,180.0,0,0,0,0,0.009,0,0.0,0.0,0.0,0.0,0.0,0
73,Decentralized Local MAPF,0,180.0,0,133,0,107,0.002,0,0.0,0.0,0.0,0.0,6.65,5
74,D2RO (SW-DGO Proposed),1,35.0,0,0,75,459,0.124,459,0.0023,0.02,0.0772,0.4829,0.0,0
74,Static A* (matched controller),1,19.2,0,121,0,8,0.037,8,0.0078,0.0224,0.0932,0.0932,6.05,5
74,Local Social D* Lite,1,33.25,0,0,0,375,0.092,375,0.0022,0.0167,0.0781,0.3976,0.0,0
74,Static A*,1,18.0,0,121,0,0,0.002,0,0.0,0.0,0.0,0.0,6.05,5
74,Reactive Avoidance (Potential Field),1,34.45,0,183,0,0,0.007,0,0.0,0.0,0.0,0.0,9.15,9
74,Reactive ORCA (Velocity Obstacles),0,180.0,0,494,0,0,0.01,0,0.0,0.0,0.0,0.0,24.7,3
74,Decentralized Local MAPF,0,180.0,0,121,0,107,0.002,0,0.0,0.0,0.0,0.0,6.05,5
75,D2RO (SW-DGO Proposed),1,55.9,0,0,72,402,0.104,402,0.0025,0.0247,0.0854,0.9733,0.0,0
75,Static A* (matched controller),1,19.2,0,131,0,8,0.039,8,0.01,0.0236,0.0945,0.0945,6.55,5
75,Local Social D* Lite,1,31.65,0,0,0,361,0.088,361,0.0024,0.0167,0.0752,0.4214,0.0,0
75,Static A*,1,18.0,0,131,0,0,0.002,0,0.0,0.0,0.0,0.0,6.55,5
75,Reactive Avoidance (Potential Field),1,34.5,0,195,0,0,0.008,0,0.0,0.0,0.0,0.0,9.75,9
75,Reactive ORCA (Velocity Obstacles),0,180.0,0,0,0,0,0.009,0,0.0,0.0,0.0,0.0,0.0,0
75,Decentralized Local MAPF,0,180.0,0,128,0,107,0.002,0,0.0,0.0,0.0,0.0,6.4,5
76,D2RO (SW-DGO Proposed),1,38.05,0,0,88,384,0.114,384,0.0024,0.0166,0.0639,0.4016,0.0,0
76,Static A* (matched controller),1,19.2,0,137,0,8,0.037,8,0.0079,0.0247,0.1083,0.1083,6.85,5
76,Local Social D* Lite,1,32.95,0,0,0,363,0.085,363,0.0023,0.0126,0.0574,0.3642,0.0,0
76,Static A*,1,18.0,0,137,0,0,0.002,0,0.0,0.0,0.0,0.0,6.85,5
76,Reactive Avoidance (Potential Field),1,34.6,0,456,0,0,0.008,0,0.0,0.0,0.0,0.0,22.8,25
76,Reactive ORCA (Velocity Obstacles),0,180.0,0,0,0,0,0.009,0,0.0,0.0,0.0,0.0,0.0,0
76,Decentralized Local MAPF,0,180.0,0,136,0,107,0.002,0,0.0,0.0,0.0,0.0,6.8,5
77,D2RO (SW-DGO Proposed),1,33.8,0,0,65,452,0.117,452,0.0029,0.0249,0.0992,0.388,0.0,0
77,Static A* (matched controller),1,19.2,0,125,0,8,0.038,8,0.01,0.0239,0.094,0.094,6.25,5
77,Local Social D* Lite,1,34.1,0,0,0,442,0.097,442,0.0024,0.0267,0.1113,0.6772,0.0,0
77,Static A*,1,18.0,0,125,0,0,0.002,0,0.0,0.0,0.0,0.0,6.25,5
77,Reactive Avoidance (Potential Field),1,34.55,0,184,0,0,0.008,0,0.0,0.0,0.0,0.0,9.2,9
77,Reactive ORCA (Velocity Obstacles),0,180.0,0,139,0,0,0.009,0,0.0,0.0,0.0,0.0,6.95,1
77,Decentralized Local MAPF,0,180.0,0,123,0,107,0.002,0,0.0,0.0,0.0,0.0,6.15,5
78,D2RO (SW-DGO Proposed),1,47.15,0,0,70,430,0.091,430,0.0024,0.0239,0.1008,0.6532,0.0,0
78,Static A* (matched controller),1,19.2,0,125,0,8,0.037,8,0.0084,0.0229,0.0943,0.0943,6.25,5
78,Local Social D* Lite,1,53.25,0,0,0,600,0.084,600,0.0023,0.0186,0.0839,0.3032,0.0,0
78,Static A*,1,18.0,0,125,0,0,0.002,0,0.0,0.0,0.0,0.0,6.25,5
78,Reactive Avoidance (Potential Field),1,34.55,0,247,0,0,0.007,0,0.0,0.0,0.0,0.0,12.35,9
78,Reactive ORCA (Velocity Obstacles),0,180.0,0,1511,0,0,0.01,0,0.0,0.0,0.0,0.0,75.55,3
78,Decentralized Local MAPF,0,180.0,0,122,0,107,0.002,0,0.0,0.0,0.0,0.0,6.1,5
79,D2RO (SW-DGO Proposed),1,37.35,0,0,75,438,0.157,438,0.0023,0.021,0.0916,0.5661,0.0,0
79,Static A* (matched controller),1,19.2,0,130,0,8,0.039,8,0.0086,0.0234,0.0955,0.0955,6.5,5
79,Local Social D* Lite,1,31.9,0,0,0,416,0.12,416,0.0023,0.0172,0.0743,0.3652,0.0,0
79,Static A*,1,18.0,0,130,0,0,0.002,0,0.0,0.0,0.0,0.0,6.5,5
79,Reactive Avoidance (Potential Field),1,34.4,0,304,0,0,0.007,0,0.0,0.0,0.0,0.0,15.2,19
79,Reactive ORCA (Velocity Obstacles),0,180.0,0,0,0,0,0.009,0,0.0,0.0,0.0,0.0,0.0,0
79,Decentralized Local MAPF,0,180.0,0,130,0,107,0.002,0,0.0,0.0,0.0,0.0,6.5,5
80,D2RO (SW-DGO Proposed),1,71.45,0,0,73,670,0.099,670,0.0026,0.0307,0.1067,0.8546,0.0,0
80,Static A* (matched controller),1,19.2,0,121,0,8,0.036,8,0.0085,0.023,0.0957,0.0957,6.05,5
80,Local Social D* Lite,1,32.45,0,0,0,404,0.085,404,0.0022,0.0139,0.0663,0.4393,0.0,0
80,Static A*,1,18.0,0,121,0,0,0.002,0,0.0,0.0,0.0,0.0,6.05,5
80,Reactive Avoidance (Potential Field),1,34.5,0,203,0,0,0.008,0,0.0,0.0,0.0,0.0,10.15,8
80,Reactive ORCA (Velocity Obstacles),0,180.0,0,2426,0,0,0.01,0,0.0,0.0,0.0,0.0,121.3,9
80,Decentralized Local MAPF,0,180.0,0,120,0,107,0.002,0,0.0,0.0,0.0,0.0,6.0,5
81,D2RO (SW-DGO Proposed),1,59.8,0,0,70,435,0.085,435,0.0024,0.0254,0.0912,0.8223,0.0,0
81,Static A* (matched controller),1,19.2,0,131,0,8,0.039,8,0.0089,0.0249,0.0951,0.0951,6.55,5
81,Local Social D* Lite,1,31.2,0,0,0,392,0.091,392,0.0023,0.0157,0.0741,0.3719,0.0,0
81,Static A*,1,18.0,0,131,0,0,0.002,0,0.0,0.0,0.0,0.0,6.55,5
81,Reactive Avoidance (Potential Field),1,34.4,0,198,0,0,0.008,0,0.0,0.0,0.0,0.0,9.9,8
81,Reactive ORCA (Velocity Obstacles),0,180.0,0,255,0,0,0.009,0,0.0,0.0,0.0,0.0,12.75,4
81,Decentralized Local MAPF,0,180.0,0,129,0,107,0.002,0,0.0,0.0,0.0,0.0,6.45,5
82,D2RO (SW-DGO Proposed),1,27.4,0,0,83,445,0.13,445,0.0035,0.0295,0.1028,0.4137,0.0,0
82,Static A* (matched controller),1,19.2,0,124,0,8,0.038,8,0.0087,0.0239,0.0969,0.0969,6.2,5
82,Local Social D* Lite,1,36.7,0,0,0,389,0.096,389,0.0028,0.0273,0.1117,0.4123,0.0,0
82,Static A*,1,18.0,0,124,0,0,0.002,0,0.0,0.0,0.0,0.0,6.2,5
82,Reactive Avoidance (Potential Field),1,34.55,0,172,0,0,0.007,0,0.0,0.0,0.0,0.0,8.6,8
82,Reactive ORCA (Velocity Obstacles),0,180.0,0,386,0,0,0.009,0,0.0,0.0,0.0,0.0,19.3,2
82,Decentralized Local MAPF,0,180.0,0,125,0,107,0.002,0,0.0,0.0,0.0,0.0,6.25,5
83,D2RO (SW-DGO Proposed),1,44.35,0,0,70,370,0.097,370,0.0024,0.0183,0.0888,0.4902,0.0,0
83,Static A* (matched controller),1,19.2,0,127,0,8,0.038,8,0.0085,0.0229,0.0936,0.0936,6.35,5
83,Local Social D* Lite,1,29.35,0,0,0,384,0.095,384,0.0023,0.0162,0.0784,0.3891,0.0,0
83,Static A*,1,18.0,0,127,0,0,0.002,0,0.0,0.0,0.0,0.0,6.35,5
83,Reactive Avoidance (Potential Field),1,34.5,0,203,0,0,0.008,0,0.0,0.0,0.0,0.0,10.15,7
83,Reactive ORCA (Velocity Obstacles),0,180.0,0,0,0,0,0.009,0,0.0,0.0,0.0,0.0,0.0,0
83,Decentralized Local MAPF,0,180.0,0,124,0,107,0.002,0,0.0,0.0,0.0,0.0,6.2,5
84,D2RO (SW-DGO Proposed),1,32.65,0,0,89,501,0.115,501,0.0023,0.019,0.0767,0.4098,0.0,0
84,Static A* (matched controller),1,19.2,0,126,0,8,0.036,8,0.0076,0.0225,0.093,0.093,6.3,5
84,Local Social D* Lite,1,39.5,0,0,0,515,0.097,515,0.0024,0.0246,0.1025,0.4524,0.0,0
84,Static A*,1,18.0,0,126,0,0,0.002,0,0.0,0.0,0.0,0.0,6.3,5
84,Reactive Avoidance (Potential Field),1,34.55,0,208,0,0,0.007,0,0.0,0.0,0.0,0.0,10.4,13
84,Reactive ORCA (Velocity Obstacles),0,180.0,0,225,0,0,0.009,0,0.0,0.0,0.0,0.0,11.25,3
84,Decentralized Local MAPF,0,180.0,0,126,0,107,0.002,0,0.0,0.0,0.0,0.0,6.3,5
85,D2RO (SW-DGO Proposed),1,28.65,0,0,86,409,0.123,409,0.0024,0.0213,0.096,0.6468,0.0,0
85,Static A* (matched controller),1,19.2,0,130,0,8,0.038,8,0.0079,0.0228,0.0945,0.0945,6.5,5
85,Local Social D* Lite,1,36.6,0,0,0,429,0.1,429,0.0025,0.0322,0.1597,0.6951,0.0,0
85,Static A*,1,18.0,0,130,0,0,0.002,0,0.0,0.0,0.0,0.0,6.5,5
85,Reactive Avoidance (Potential Field),1,34.55,0,198,0,0,0.007,0,0.0,0.0,0.0,0.0,9.9,8
85,Reactive ORCA (Velocity Obstacles),0,180.0,0,290,0,0,0.01,0,0.0,0.0,0.0,0.0,14.5,3
85,Decentralized Local MAPF,0,180.0,0,131,0,107,0.002,0,0.0,0.0,0.0,0.0,6.55,5
86,D2RO (SW-DGO Proposed),1,36.6,0,0,65,458,0.109,458,0.0026,0.0256,0.1049,0.3585,0.0,0
86,Static A* (matched controller),1,19.2,0,129,0,8,0.038,8,0.0087,0.0228,0.0928,0.0928,6.45,5
86,Local Social D* Lite,1,33.35,0,0,0,438,0.097,438,0.0024,0.0278,0.1036,0.7079,0.0,0
86,Static A*,1,18.0,0,129,0,0,0.002,0,0.0,0.0,0.0,0.0,6.45,5
86,Reactive Avoidance (Potential Field),1,34.55,0,315,0,0,0.008,0,0.0,0.0,0.0,0.0,15.75,13
86,Reactive ORCA (Velocity Obstacles),0,180.0,0,365,0,0,0.01,0,0.0,0.0,0.0,0.0,18.25,3
86,Decentralized Local MAPF,0,180.0,0,127,0,107,0.002,0,0.0,0.0,0.0,0.0,6.35,5
87,D2RO (SW-DGO Proposed),1,50.6,0,0,72,457,0.216,457,0.0025,0.0202,0.0834,0.5405,0.0,0
87,Static A* (matched controller),1,19.2,0,127,0,8,0.036,8,0.0078,0.0223,0.0925,0.0925,6.35,5
87,Local Social D* Lite,1,68.4,0,0,0,564,0.171,564,0.0023,0.0297,0.1418,0.4548,0.0,0
87,Static A*,1,18.0,0,127,0,0,0.002,0,0.0,0.0,0.0,0.0,6.35,5
87,Reactive Avoidance (Potential Field),1,34.4,0,374,0,0,0.008,0,0.0,0.0,0.0,0.0,18.7,10
87,Reactive ORCA (Velocity Obstacles),0,180.0,0,320,0,0,0.009,0,0.0,0.0,0.0,0.0,16.0,2
87,Decentralized Local MAPF,0,180.0,0,124,0,107,0.002,0,0.0,0.0,0.0,0.0,6.2,5
88,D2RO (SW-DGO Proposed),1,50.8,0,0,72,459,0.126,459,0.0025,0.0279,0.0975,1.1796,0.0,0
88,Static A* (matched controller),1,19.2,0,120,0,8,0.039,8,0.0095,0.0264,0.1146,0.1146,6.0,5
88,Local Social D* Lite,1,38.4,0,0,0,477,0.107,477,0.0024,0.0175,0.0755,0.3693,0.0,0
88,Static A*,1,18.0,0,120,0,0,0.002,0,0.0,0.0,0.0,0.0,6.0,5
88,Reactive Avoidance (Potential Field),1,34.5,0,178,0,0,0.007,0,0.0,0.0,0.0,0.0,8.9,8
88,Reactive ORCA (Velocity Obstacles),0,180.0,0,1135,0,0,0.01,0,0.0,0.0,0.0,0.0,56.75,6
88,Decentralized Local MAPF,0,180.0,0,121,0,107,0.002,0,0.0,0.0,0.0,0.0,6.05,5
89,D2RO (SW-DGO Proposed),1,48.95,0,0,70,432,0.117,432,0.0024,0.0239,0.0822,0.5517,0.0,0
89,Static A* (matched controller),1,19.2,0,126,0,8,0.038,8,0.0093,0.0243,0.0992,0.0992,6.3,5
89,Local Social D* Lite,1,33.95,0,0,0,476,0.116,476,0.0023,0.0166,0.0804,0.3623,0.0,0
89,Static A*,1,18.0,0,126,0,0,0.002,0,0.0,0.0,0.0,0.0,6.3,5
89,Reactive Avoidance (Potential Field),1,34.65,0,393,0,0,0.008,0,0.0,0.0,0.0,0.0,19.65,11
89,Reactive ORCA (Velocity Obstacles),0,180.0,0,306,0,0,0.009,0,0.0,0.0,0.0,0.0,15.3,5
89,Decentralized Local MAPF,0,180.0,0,123,0,107,0.002,0,0.0,0.0,0.0,0.0,6.15,5
90,D2RO (SW-DGO Proposed),1,48.75,0,0,72,474,0.144,474,0.0025,0.0207,0.0883,0.5075,0.0,0
90,Static A* (matched controller),1,19.2,0,130,0,8,0.039,8,0.0083,0.0238,0.0956,0.0956,6.5,5
90,Local Social D* Lite,1,74.8,0,0,0,668,0.091,668,0.0045,0.0378,0.1351,0.9199,0.0,0
90,Static A*,1,18.0,0,130,0,0,0.002,0,0.0,0.0,0.0,0.0,6.5,5
90,Reactive Avoidance (Potential Field),1,34.55,0,171,0,0,0.007,0,0.0,0.0,0.0,0.0,8.55,7
90,Reactive ORCA (Velocity Obstacles),0,180.0,0,416,0,0,0.009,0,0.0,0.0,0.0,0.0,20.8,2
90,Decentralized Local MAPF,0,180.0,0,132,0,107,0.002,0,0.0,0.0,0.0,0.0,6.6,5
91,D2RO (SW-DGO Proposed),1,54.85,0,0,72,452,0.094,452,0.0023,0.0193,0.0798,0.9083,0.0,0
91,Static A* (matched controller),1,19.2,0,124,0,8,0.037,8,0.0082,0.0238,0.0994,0.0994,6.2,5
91,Local Social D* Lite,1,32.1,0,0,0,380,0.086,380,0.0023,0.0187,0.0863,0.3952,0.0,0
91,Static A*,1,18.0,0,124,0,0,0.002,0,0.0,0.0,0.0,0.0,6.2,5
91,Reactive Avoidance (Potential Field),1,34.55,0,156,0,0,0.008,0,0.0,0.0,0.0,0.0,7.8,7
91,Reactive ORCA (Velocity Obstacles),0,180.0,0,266,0,0,0.01,0,0.0,0.0,0.0,0.0,13.3,3
91,Decentralized Local MAPF,0,180.0,0,124,0,107,0.002,0,0.0,0.0,0.0,0.0,6.2,5
92,D2RO (SW-DGO Proposed),1,42.6,0,0,74,342,0.095,342,0.0024,0.017,0.0769,0.4192,0.0,0
92,Static A* (matched controller),1,19.2,0,124,0,8,0.038,8,0.0079,0.0234,0.0968,0.0968,6.2,5
92,Local Social D* Lite,1,29.0,0,0,0,366,0.092,366,0.0023,0.0163,0.0746,0.1967,0.0,0
92,Static A*,1,18.0,0,124,0,0,0.002,0,0.0,0.0,0.0,0.0,6.2,5
92,Reactive Avoidance (Potential Field),1,34.55,0,130,0,0,0.007,0,0.0,0.0,0.0,0.0,6.5,6
92,Reactive ORCA (Velocity Obstacles),0,180.0,0,376,0,0,0.01,0,0.0,0.0,0.0,0.0,18.8,4
92,Decentralized Local MAPF,0,180.0,0,121,0,107,0.002,0,0.0,0.0,0.0,0.0,6.05,5
93,D2RO (SW-DGO Proposed),1,42.8,0,0,72,359,0.084,359,0.0023,0.0164,0.0756,0.3868,0.0,0
93,Static A* (matched controller),1,19.2,0,130,0,8,0.037,8,0.0068,0.0219,0.0908,0.0908,6.5,5
93,Local Social D* Lite,1,27.75,0,0,0,381,0.09,381,0.0022,0.0154,0.0803,0.3215,0.0,0
93,Static A*,1,18.0,0,130,0,0,0.002,0,0.0,0.0,0.0,0.0,6.5,5
93,Reactive Avoidance (Potential Field),1,34.8,0,184,0,0,0.008,0,0.0,0.0,0.0,0.0,9.2,8
93,Reactive ORCA (Velocity Obstacles),0,180.0,0,205,0,0,0.009,0,0.0,0.0,0.0,0.0,10.25,2
93,Decentralized Local MAPF,0,180.0,0,127,0,107,0.002,0,0.0,0.0,0.0,0.0,6.35,5
94,D2RO (SW-DGO Proposed),1,71.85,0,0,75,654,0.137,654,0.0023,0.028,0.1062,0.7846,0.0,0
94,Static A* (matched controller),1,19.2,0,125,0,8,0.037,8,0.008,0.023,0.0943,0.0943,6.25,5
94,Local Social D* Lite,1,37.85,0,0,0,473,0.14,473,0.0025,0.0244,0.0971,0.358,0.0,0
94,Static A*,1,18.0,0,125,0,0,0.002,0,0.0,0.0,0.0,0.0,6.25,5
94,Reactive Avoidance (Potential Field),1,34.35,0,323,0,0,0.008,0,0.0,0.0,0.0,0.0,16.15,11
94,Reactive ORCA (Velocity Obstacles),0,180.0,0,2306,0,0,0.01,0,0.0,0.0,0.0,0.0,115.3,10
94,Decentralized Local MAPF,0,180.0,0,121,0,107,0.002,0,0.0,0.0,0.0,0.0,6.05,5
95,D2RO (SW-DGO Proposed),1,44.35,0,0,72,347,0.099,347,0.0023,0.0169,0.0655,0.5304,0.0,0
95,Static A* (matched controller),1,19.2,0,129,0,8,0.043,8,0.0096,0.0234,0.0916,0.0916,6.45,5
95,Local Social D* Lite,1,29.45,0,0,0,354,0.087,354,0.0022,0.0173,0.0838,0.3959,0.0,0
95,Static A*,1,18.0,0,129,0,0,0.002,0,0.0,0.0,0.0,0.0,6.45,5
95,Reactive Avoidance (Potential Field),1,34.6,0,307,0,0,0.007,0,0.0,0.0,0.0,0.0,15.35,13
95,Reactive ORCA (Velocity Obstacles),0,180.0,0,993,0,0,0.01,0,0.0,0.0,0.0,0.0,49.65,2
95,Decentralized Local MAPF,0,180.0,0,129,0,107,0.002,0,0.0,0.0,0.0,0.0,6.45,5
96,D2RO (SW-DGO Proposed),1,49.6,0,0,72,506,0.183,506,0.003,0.0276,0.1125,0.3869,0.0,0
96,Static A* (matched controller),1,19.2,0,120,0,8,0.037,8,0.0093,0.0246,0.1033,0.1033,6.0,5
96,Local Social D* Lite,1,27.25,0,0,0,429,0.142,429,0.0025,0.0267,0.106,0.9722,0.0,0
96,Static A*,1,18.0,0,120,0,0,0.002,0,0.0,0.0,0.0,0.0,6.0,5
96,Reactive Avoidance (Potential Field),1,34.45,0,222,0,0,0.007,0,0.0,0.0,0.0,0.0,11.1,8
96,Reactive ORCA (Velocity Obstacles),0,180.0,0,513,0,0,0.01,0,0.0,0.0,0.0,0.0,25.65,3
96,Decentralized Local MAPF,0,180.0,0,212,0,107,0.002,0,0.0,0.0,0.0,0.0,10.6,7
97,D2RO (SW-DGO Proposed),1,31.8,0,0,101,450,0.125,450,0.0025,0.0247,0.0964,0.3328,0.0,0
97,Static A* (matched controller),1,19.2,0,139,0,8,0.038,8,0.0091,0.0246,0.1023,0.1023,6.95,5
97,Local Social D* Lite,1,32.3,0,0,0,453,0.102,453,0.0026,0.0272,0.1069,0.2952,0.0,0
97,Static A*,1,18.0,0,138,0,0,0.002,0,0.0,0.0,0.0,0.0,6.9,5
97,Reactive Avoidance (Potential Field),1,34.7,0,187,0,0,0.008,0,0.0,0.0,0.0,0.0,9.35,7
97,Reactive ORCA (Velocity Obstacles),0,180.0,0,0,0,0,0.009,0,0.0,0.0,0.0,0.0,0.0,0
97,Decentralized Local MAPF,0,180.0,0,135,0,107,0.002,0,0.0,0.0,0.0,0.0,6.75,5
98,D2RO (SW-DGO Proposed),1,88.0,0,0,72,661,0.105,661,0.0033,0.0394,0.1449,0.5702,0.0,0
98,Static A* (matched controller),1,19.2,0,128,0,8,0.038,8,0.0088,0.0233,0.095,0.095,6.4,5
98,Local Social D* Lite,1,31.15,0,0,0,374,0.086,374,0.0022,0.0141,0.067,0.3437,0.0,0
98,Static A*,1,18.0,0,128,0,0,0.002,0,0.0,0.0,0.0,0.0,6.4,5
98,Reactive Avoidance (Potential Field),1,34.5,0,199,0,0,0.008,0,0.0,0.0,0.0,0.0,9.95,8
98,Reactive ORCA (Velocity Obstacles),0,180.0,0,926,0,0,0.01,0,0.0,0.0,0.0,0.0,46.3,8
98,Decentralized Local MAPF,0,180.0,0,129,0,107,0.002,0,0.0,0.0,0.0,0.0,6.45,5
99,D2RO (SW-DGO Proposed),1,44.35,0,0,70,418,0.119,418,0.0024,0.016,0.0664,0.6314,0.0,0
99,Static A* (matched controller),1,19.2,0,129,0,8,0.038,8,0.0079,0.0229,0.0945,0.0945,6.45,5
99,Local Social D* Lite,1,29.4,0,0,0,426,0.105,426,0.0024,0.0195,0.088,0.3455,0.0,0
99,Static A*,1,18.0,0,129,0,0,0.002,0,0.0,0.0,0.0,0.0,6.45,5
99,Reactive Avoidance (Potential Field),1,34.55,0,413,0,0,0.008,0,0.0,0.0,0.0,0.0,20.65,9
99,Reactive ORCA (Velocity Obstacles),0,180.0,0,555,0,0,0.01,0,0.0,0.0,0.0,0.0,27.75,5
99,Decentralized Local MAPF,0,180.0,0,128,0,107,0.002,0,0.0,0.0,0.0,0.0,6.4,5
100,D2RO (SW-DGO Proposed),1,35.9,0,0,85,564,0.158,564,0.003,0.0344,0.1276,0.5268,0.0,0
100,Static A* (matched controller),1,19.2,0,119,0,8,0.039,8,0.0081,0.0229,0.0945,0.0945,5.95,5
100,Local Social D* Lite,1,36.15,0,0,0,611,0.145,611,0.0026,0.0289,0.1161,0.6289,0.0,0
100,Static A*,1,18.0,0,119,0,0,0.002,0,0.0,0.0,0.0,0.0,5.95,5
100,Reactive Avoidance (Potential Field),1,34.55,0,161,0,0,0.008,0,0.0,0.0,0.0,0.0,8.05,7
100,Reactive ORCA (Velocity Obstacles),0,180.0,0,1156,0,0,0.01,0,0.0,0.0,0.0,0.0,57.8,3
100,Decentralized Local MAPF,0,180.0,0,118,0,107,0.002,0,0.0,0.0,0.0,0.0,5.9,5
