trial_id,channel,packet_loss_rate,latency_s,success,makespan_s,intimate_exposure_ticks,mesh_packets,replans
1,loss00_lat000ms,0.0,0.0,1,42.2,0,74,457
2,loss00_lat000ms,0.0,0.0,1,44.35,0,72,411
3,loss00_lat000ms,0.0,0.0,1,42.2,0,72,486
4,loss00_lat000ms,0.0,0.0,1,74.9,0,75,672
5,loss00_lat000ms,0.0,0.0,1,21.15,0,86,341
6,loss00_lat000ms,0.0,0.0,1,86.05,0,70,679
7,loss00_lat000ms,0.0,0.0,1,21.3,0,86,357
8,loss00_lat000ms,0.0,0.0,1,36.85,0,88,390
9,loss00_lat000ms,0.0,0.0,1,28.0,0,86,479
10,loss00_lat000ms,0.0,0.0,1,47.05,0,70,432
11,loss00_lat000ms,0.0,0.0,1,21.2,0,86,385
12,loss00_lat000ms,0.0,0.0,1,38.1,0,73,522
13,loss00_lat000ms,0.0,0.0,1,47.05,0,70,517
14,loss00_lat000ms,0.0,0.0,1,40.2,0,75,490
15,loss00_lat000ms,0.0,0.0,1,44.35,0,72,359
16,loss00_lat000ms,0.0,0.0,1,87.15,0,73,832
17,loss00_lat000ms,0.0,0.0,1,42.2,0,74,352
18,loss00_lat000ms,0.0,0.0,1,42.2,0,72,385
19,loss00_lat000ms,0.0,0.0,1,70.15,0,70,481
20,loss00_lat000ms,0.0,0.0,1,51.4,0,86,394
21,loss00_lat000ms,0.0,0.0,1,30.55,0,68,472
22,loss00_lat000ms,0.0,0.0,1,56.85,0,72,450
23,loss00_lat000ms,0.0,0.0,1,42.2,0,74,330
24,loss00_lat000ms,0.0,0.0,1,40.65,47,98,503
25,loss00_lat000ms,0.0,0.0,1,42.8,0,74,331
26,loss00_lat000ms,0.0,0.0,1,34.85,0,75,434
27,loss00_lat000ms,0.0,0.0,1,42.4,0,74,369
28,loss00_lat000ms,0.0,0.0,1,43.35,0,72,351
29,loss00_lat000ms,0.0,0.0,1,66.85,0,70,440
30,loss00_lat000ms,0.0,0.0,1,66.5,0,71,558
1,loss00_lat050ms,0.0,0.05,1,42.2,0,74,457
2,loss00_lat050ms,0.0,0.05,1,44.35,0,72,411
3,loss00_lat050ms,0.0,0.05,1,42.2,0,72,486
4,loss00_lat050ms,0.0,0.05,1,74.9,0,75,672
5,loss00_lat050ms,0.0,0.05,1,21.15,0,86,340
6,loss00_lat050ms,0.0,0.05,1,86.05,0,70,679
7,loss00_lat050ms,0.0,0.05,1,21.3,0,86,356
8,loss00_lat050ms,0.0,0.05,1,36.85,0,88,392
9,loss00_lat050ms,0.0,0.05,1,28.0,0,86,479
10,loss00_lat050ms,0.0,0.05,1,47.05,0,70,432
11,loss00_lat050ms,0.0,0.05,1,21.2,0,86,385
12,loss00_lat050ms,0.0,0.05,1,38.1,0,73,522
13,loss00_lat050ms,0.0,0.05,1,47.05,0,70,516
14,loss00_lat050ms,0.0,0.05,1,40.2,0,75,490
15,loss00_lat050ms,0.0,0.05,1,44.35,0,72,358
16,loss00_lat050ms,0.0,0.05,1,87.15,0,73,832
17,loss00_lat050ms,0.0,0.05,1,42.2,0,74,352
18,loss00_lat050ms,0.0,0.05,1,42.2,0,72,385
19,loss00_lat050ms,0.0,0.05,1,70.15,0,70,481
20,loss00_lat050ms,0.0,0.05,1,51.4,0,86,397
21,loss00_lat050ms,0.0,0.05,1,30.55,0,68,472
22,loss00_lat050ms,0.0,0.05,1,56.85,0,72,449
23,loss00_lat050ms,0.0,0.05,1,42.2,0,74,329
24,loss00_lat050ms,0.0,0.05,1,40.65,47,98,503
25,loss00_lat050ms,0.0,0.05,1,42.8,0,74,329
26,loss00_lat050ms,0.0,0.05,1,34.85,0,75,433
27,loss00_lat050ms,0.0,0.05,1,42.4,0,74,369
28,loss00_lat050ms,0.0,0.05,1,43.35,0,72,350
29,loss00_lat050ms,0.0,0.05,1,66.85,0,70,440
30,loss00_lat050ms,0.0,0.05,1,66.5,0,71,558
1,loss00_lat100ms,0.0,0.1,1,42.2,0,74,458
2,loss00_lat100ms,0.0,0.1,1,44.5,0,72,409
3,loss00_lat100ms,0.0,0.1,1,42.2,0,72,487
4,loss00_lat100ms,0.0,0.1,1,74.9,0,75,673
5,loss00_lat100ms,0.0,0.1,1,21.15,0,86,344
6,loss00_lat100ms,0.0,0.1,1,86.05,0,70,680
7,loss00_lat100ms,0.0,0.1,1,21.3,0,86,359
8,loss00_lat100ms,0.0,0.1,1,36.85,0,84,394
9,loss00_lat100ms,0.0,0.1,1,28.0,0,86,476
10,loss00_lat100ms,0.0,0.1,1,47.05,0,70,435
11,loss00_lat100ms,0.0,0.1,1,21.2,0,86,386
12,loss00_lat100ms,0.0,0.1,1,38.1,0,73,524
13,loss00_lat100ms,0.0,0.1,1,47.05,0,70,516
14,loss00_lat100ms,0.0,0.1,1,40.2,0,75,492
15,loss00_lat100ms,0.0,0.1,1,44.5,0,72,355
16,loss00_lat100ms,0.0,0.1,1,62.95,0,73,671
17,loss00_lat100ms,0.0,0.1,1,42.2,0,74,353
18,loss00_lat100ms,0.0,0.1,1,42.2,0,72,384
19,loss00_lat100ms,0.0,0.1,1,70.15,0,70,482
20,loss00_lat100ms,0.0,0.1,1,51.4,0,86,397
21,loss00_lat100ms,0.0,0.1,1,30.55,0,68,475
22,loss00_lat100ms,0.0,0.1,1,56.85,0,72,450
23,loss00_lat100ms,0.0,0.1,1,42.2,0,74,330
24,loss00_lat100ms,0.0,0.1,1,40.65,47,98,507
25,loss00_lat100ms,0.0,0.1,1,42.8,0,74,331
26,loss00_lat100ms,0.0,0.1,1,34.85,0,75,434
27,loss00_lat100ms,0.0,0.1,1,42.4,0,74,372
28,loss00_lat100ms,0.0,0.1,1,43.35,0,72,352
29,loss00_lat100ms,0.0,0.1,1,66.85,0,70,441
30,loss00_lat100ms,0.0,0.1,1,66.5,0,71,559
1,loss00_lat200ms,0.0,0.2,1,42.2,0,74,463
2,loss00_lat200ms,0.0,0.2,1,91.25,0,72,656
3,loss00_lat200ms,0.0,0.2,1,42.2,0,72,492
4,loss00_lat200ms,0.0,0.2,1,74.9,0,75,676
5,loss00_lat200ms,0.0,0.2,1,21.15,0,86,347
6,loss00_lat200ms,0.0,0.2,1,86.05,0,70,684
7,loss00_lat200ms,0.0,0.2,1,21.3,0,86,361
8,loss00_lat200ms,0.0,0.2,1,36.85,0,78,398
9,loss00_lat200ms,0.0,0.2,1,28.0,0,86,483
10,loss00_lat200ms,0.0,0.2,1,47.05,0,70,438
11,loss00_lat200ms,0.0,0.2,1,21.2,0,86,389
12,loss00_lat200ms,0.0,0.2,1,38.1,0,73,526
13,loss00_lat200ms,0.0,0.2,1,47.05,0,70,520
14,loss00_lat200ms,0.0,0.2,1,40.2,0,75,495
15,loss00_lat200ms,0.0,0.2,1,44.85,0,72,356
16,loss00_lat200ms,0.0,0.2,1,44.85,0,70,461
17,loss00_lat200ms,0.0,0.2,1,42.2,0,74,357
18,loss00_lat200ms,0.0,0.2,1,42.2,0,72,390
19,loss00_lat200ms,0.0,0.2,1,70.15,0,70,486
20,loss00_lat200ms,0.0,0.2,1,51.4,0,82,403
21,loss00_lat200ms,0.0,0.2,1,30.55,0,68,479
22,loss00_lat200ms,0.0,0.2,1,56.85,0,72,453
23,loss00_lat200ms,0.0,0.2,1,42.2,0,74,335
24,loss00_lat200ms,0.0,0.2,1,40.65,47,98,508
25,loss00_lat200ms,0.0,0.2,1,42.8,0,74,333
26,loss00_lat200ms,0.0,0.2,1,34.85,0,75,438
27,loss00_lat200ms,0.0,0.2,1,42.4,0,74,375
28,loss00_lat200ms,0.0,0.2,1,43.35,0,72,356
29,loss00_lat200ms,0.0,0.2,1,66.85,0,70,445
30,loss00_lat200ms,0.0,0.2,1,66.5,0,71,563
1,loss05_lat000ms,0.05,0.0,1,42.2,0,69,457
2,loss05_lat000ms,0.05,0.0,1,44.35,0,66,411
3,loss05_lat000ms,0.05,0.0,1,42.2,0,69,486
4,loss05_lat000ms,0.05,0.0,1,77.55,0,66,677
5,loss05_lat000ms,0.05,0.0,1,21.15,0,78,341
6,loss05_lat000ms,0.05,0.0,1,86.05,0,69,679
7,loss05_lat000ms,0.05,0.0,1,21.3,0,71,357
8,loss05_lat000ms,0.05,0.0,1,36.85,0,84,390
9,loss05_lat000ms,0.05,0.0,1,28.0,0,78,479
10,loss05_lat000ms,0.05,0.0,1,47.05,0,68,432
11,loss05_lat000ms,0.05,0.0,1,21.2,0,80,385
12,loss05_lat000ms,0.05,0.0,1,38.1,0,70,522
13,loss05_lat000ms,0.05,0.0,1,47.05,0,68,516
14,loss05_lat000ms,0.05,0.0,1,40.2,0,70,490
15,loss05_lat000ms,0.05,0.0,1,44.35,0,64,359
16,loss05_lat000ms,0.05,0.0,1,87.15,0,72,832
17,loss05_lat000ms,0.05,0.0,1,42.2,0,62,351
18,loss05_lat000ms,0.05,0.0,1,42.2,0,48,383
19,loss05_lat000ms,0.05,0.0,1,70.15,0,63,481
20,loss05_lat000ms,0.05,0.0,1,56.9,0,67,421
21,loss05_lat000ms,0.05,0.0,1,30.55,0,64,471
22,loss05_lat000ms,0.05,0.0,1,56.85,0,54,447
23,loss05_lat000ms,0.05,0.0,1,42.2,0,61,330
24,loss05_lat000ms,0.05,0.0,1,40.65,47,95,503
25,loss05_lat000ms,0.05,0.0,1,42.8,0,68,330
26,loss05_lat000ms,0.05,0.0,1,34.85,0,67,433
27,loss05_lat000ms,0.05,0.0,1,42.4,0,68,369
28,loss05_lat000ms,0.05,0.0,1,43.35,0,67,351
29,loss05_lat000ms,0.05,0.0,1,66.85,0,62,440
30,loss05_lat000ms,0.05,0.0,1,66.5,0,69,558
1,loss05_lat050ms,0.05,0.05,1,42.2,0,72,457
2,loss05_lat050ms,0.05,0.05,1,44.35,0,66,411
3,loss05_lat050ms,0.05,0.05,1,42.2,0,70,486
4,loss05_lat050ms,0.05,0.05,1,77.55,0,66,677
5,loss05_lat050ms,0.05,0.05,1,21.15,0,75,338
6,loss05_lat050ms,0.05,0.05,1,86.05,0,69,679
7,loss05_lat050ms,0.05,0.05,1,21.3,0,59,354
8,loss05_lat050ms,0.05,0.05,1,36.85,0,84,392
9,loss05_lat050ms,0.05,0.05,1,28.0,0,66,477
10,loss05_lat050ms,0.05,0.05,1,47.05,0,69,432
11,loss05_lat050ms,0.05,0.05,1,21.2,0,80,385
12,loss05_lat050ms,0.05,0.05,1,38.1,0,67,521
13,loss05_lat050ms,0.05,0.05,1,47.05,0,66,515
14,loss05_lat050ms,0.05,0.05,1,40.2,0,70,490
15,loss05_lat050ms,0.05,0.05,1,44.5,0,68,355
16,loss05_lat050ms,0.05,0.05,1,87.15,0,69,832
17,loss05_lat050ms,0.05,0.05,1,42.2,0,71,352
18,loss05_lat050ms,0.05,0.05,1,42.2,0,38,382
19,loss05_lat050ms,0.05,0.05,1,70.15,0,65,481
20,loss05_lat050ms,0.05,0.05,1,56.9,0,67,422
21,loss05_lat050ms,0.05,0.05,1,30.55,0,67,472
22,loss05_lat050ms,0.05,0.05,1,56.85,0,60,447
23,loss05_lat050ms,0.05,0.05,1,42.2,0,68,329
24,loss05_lat050ms,0.05,0.05,1,40.65,47,96,503
25,loss05_lat050ms,0.05,0.05,1,42.8,0,70,329
26,loss05_lat050ms,0.05,0.05,1,34.85,0,58,430
27,loss05_lat050ms,0.05,0.05,1,42.4,0,60,368
28,loss05_lat050ms,0.05,0.05,1,43.35,0,70,351
29,loss05_lat050ms,0.05,0.05,1,66.85,0,69,441
30,loss05_lat050ms,0.05,0.05,1,66.5,0,70,558
1,loss05_lat100ms,0.05,0.1,1,42.2,0,72,458
2,loss05_lat100ms,0.05,0.1,1,44.5,0,66,409
3,loss05_lat100ms,0.05,0.1,1,42.2,0,70,487
4,loss05_lat100ms,0.05,0.1,1,77.55,0,66,679
5,loss05_lat100ms,0.05,0.1,1,21.15,0,75,342
6,loss05_lat100ms,0.05,0.1,1,86.05,0,69,680
7,loss05_lat100ms,0.05,0.1,1,21.3,0,59,355
8,loss05_lat100ms,0.05,0.1,1,36.85,0,80,394
9,loss05_lat100ms,0.05,0.1,1,28.0,0,66,473
10,loss05_lat100ms,0.05,0.1,1,47.05,0,69,435
11,loss05_lat100ms,0.05,0.1,1,21.2,0,80,387
12,loss05_lat100ms,0.05,0.1,1,38.1,0,67,523
13,loss05_lat100ms,0.05,0.1,1,47.05,0,66,516
14,loss05_lat100ms,0.05,0.1,1,40.2,0,70,492
15,loss05_lat100ms,0.05,0.1,1,44.85,0,68,354
16,loss05_lat100ms,0.05,0.1,1,62.95,0,69,670
17,loss05_lat100ms,0.05,0.1,1,42.2,0,71,353
18,loss05_lat100ms,0.05,0.1,1,42.2,0,38,381
19,loss05_lat100ms,0.05,0.1,1,70.15,0,65,482
20,loss05_lat100ms,0.05,0.1,1,56.9,0,67,423
21,loss05_lat100ms,0.05,0.1,1,30.55,0,67,475
22,loss05_lat100ms,0.05,0.1,1,56.85,0,60,447
23,loss05_lat100ms,0.05,0.1,1,42.2,0,68,329
24,loss05_lat100ms,0.05,0.1,1,40.65,47,96,507
25,loss05_lat100ms,0.05,0.1,1,42.8,0,70,331
26,loss05_lat100ms,0.05,0.1,1,34.85,0,58,430
27,loss05_lat100ms,0.05,0.1,1,42.4,0,60,370
28,loss05_lat100ms,0.05,0.1,1,43.35,0,70,352
29,loss05_lat100ms,0.05,0.1,1,66.85,0,69,441
30,loss05_lat100ms,0.05,0.1,1,66.5,0,70,559
1,loss05_lat200ms,0.05,0.2,1,42.2,0,72,463
2,loss05_lat200ms,0.05,0.2,1,91.25,0,66,656
3,loss05_lat200ms,0.05,0.2,1,42.2,0,70,492
4,loss05_lat200ms,0.05,0.2,1,77.55,0,66,681
5,loss05_lat200ms,0.05,0.2,1,21.15,0,75,345
6,loss05_lat200ms,0.05,0.2,1,86.05,0,69,684
7,loss05_lat200ms,0.05,0.2,1,21.3,0,59,357
8,loss05_lat200ms,0.05,0.2,1,36.85,0,74,398
9,loss05_lat200ms,0.05,0.2,1,28.0,0,66,479
10,loss05_lat200ms,0.05,0.2,1,47.05,0,69,438
11,loss05_lat200ms,0.05,0.2,1,21.2,0,80,389
12,loss05_lat200ms,0.05,0.2,1,38.1,0,67,525
13,loss05_lat200ms,0.05,0.2,1,47.05,0,66,519
14,loss05_lat200ms,0.05,0.2,1,40.2,0,70,495
15,loss05_lat200ms,0.05,0.2,1,45.05,0,68,356
16,loss05_lat200ms,0.05,0.2,1,44.85,0,66,460
17,loss05_lat200ms,0.05,0.2,1,42.2,0,71,357
18,loss05_lat200ms,0.05,0.2,1,42.2,0,38,381
19,loss05_lat200ms,0.05,0.2,1,70.15,0,65,486
20,loss05_lat200ms,0.05,0.2,1,56.9,0,65,428
21,loss05_lat200ms,0.05,0.2,1,30.55,0,67,479
22,loss05_lat200ms,0.05,0.2,1,56.85,0,60,450
23,loss05_lat200ms,0.05,0.2,1,42.2,0,68,334
24,loss05_lat200ms,0.05,0.2,1,40.65,47,96,508
25,loss05_lat200ms,0.05,0.2,1,42.8,0,70,332
26,loss05_lat200ms,0.05,0.2,1,34.85,0,58,433
27,loss05_lat200ms,0.05,0.2,1,42.4,0,60,373
28,loss05_lat200ms,0.05,0.2,1,43.35,0,70,356
29,loss05_lat200ms,0.05,0.2,1,66.85,0,69,445
30,loss05_lat200ms,0.05,0.2,1,66.5,0,70,563
1,loss10_lat000ms,0.1,0.0,1,42.2,0,68,457
2,loss10_lat000ms,0.1,0.0,1,44.35,0,65,411
3,loss10_lat000ms,0.1,0.0,1,42.2,0,63,486
4,loss10_lat000ms,0.1,0.0,1,74.9,0,59,672
5,loss10_lat000ms,0.1,0.0,1,21.15,0,74,341
6,loss10_lat000ms,0.1,0.0,1,86.05,0,61,678
7,loss10_lat000ms,0.1,0.0,1,21.3,0,70,357
8,loss10_lat000ms,0.1,0.0,1,36.85,0,67,390
9,loss10_lat000ms,0.1,0.0,1,28.0,0,74,479
10,loss10_lat000ms,0.1,0.0,1,47.05,0,65,432
11,loss10_lat000ms,0.1,0.0,1,26.85,0,71,428
12,loss10_lat000ms,0.1,0.0,1,38.1,0,58,521
13,loss10_lat000ms,0.1,0.0,1,47.05,0,43,513
14,loss10_lat000ms,0.1,0.0,1,40.2,0,65,489
15,loss10_lat000ms,0.1,0.0,1,44.35,0,58,356
16,loss10_lat000ms,0.1,0.0,1,87.15,0,47,832
17,loss10_lat000ms,0.1,0.0,1,42.2,0,66,352
18,loss10_lat000ms,0.1,0.0,1,42.2,0,46,383
19,loss10_lat000ms,0.1,0.0,1,70.15,0,60,481
20,loss10_lat000ms,0.1,0.0,1,51.4,0,61,393
21,loss10_lat000ms,0.1,0.0,1,30.55,0,56,472
22,loss10_lat000ms,0.1,0.0,1,56.85,0,51,447
23,loss10_lat000ms,0.1,0.0,1,42.2,0,60,330
24,loss10_lat000ms,0.1,0.0,1,40.65,47,85,502
25,loss10_lat000ms,0.1,0.0,1,42.8,0,59,330
26,loss10_lat000ms,0.1,0.0,1,34.85,0,67,433
27,loss10_lat000ms,0.1,0.0,1,42.4,0,60,369
28,loss10_lat000ms,0.1,0.0,1,37.4,0,58,468
29,loss10_lat000ms,0.1,0.0,1,66.85,0,56,439
30,loss10_lat000ms,0.1,0.0,1,66.5,0,49,557
1,loss10_lat050ms,0.1,0.05,1,42.2,0,68,457
2,loss10_lat050ms,0.1,0.05,1,44.35,0,62,410
3,loss10_lat050ms,0.1,0.05,1,42.2,0,63,486
4,loss10_lat050ms,0.1,0.05,1,74.9,0,61,672
5,loss10_lat050ms,0.1,0.05,1,21.15,0,72,338
6,loss10_lat050ms,0.1,0.05,1,86.05,0,64,678
7,loss10_lat050ms,0.1,0.05,1,21.3,0,58,354
8,loss10_lat050ms,0.1,0.05,1,36.85,0,77,392
9,loss10_lat050ms,0.1,0.05,1,28.0,0,65,477
10,loss10_lat050ms,0.1,0.05,1,47.05,0,65,433
11,loss10_lat050ms,0.1,0.05,1,21.2,0,65,386
12,loss10_lat050ms,0.1,0.05,1,38.1,0,65,521
13,loss10_lat050ms,0.1,0.05,1,63.7,0,46,607
14,loss10_lat050ms,0.1,0.05,1,40.2,0,64,489
15,loss10_lat050ms,0.1,0.05,1,44.35,0,59,356
16,loss10_lat050ms,0.1,0.05,1,42.85,0,41,459
17,loss10_lat050ms,0.1,0.05,1,42.2,0,66,352
18,loss10_lat050ms,0.1,0.05,1,42.2,0,38,383
19,loss10_lat050ms,0.1,0.05,1,70.15,0,60,480
20,loss10_lat050ms,0.1,0.05,1,51.4,0,59,393
21,loss10_lat050ms,0.1,0.05,1,30.55,0,58,471
22,loss10_lat050ms,0.1,0.05,1,56.85,0,56,447
23,loss10_lat050ms,0.1,0.05,1,42.2,0,68,329
24,loss10_lat050ms,0.1,0.05,1,40.65,47,85,504
25,loss10_lat050ms,0.1,0.05,1,42.8,0,66,329
26,loss10_lat050ms,0.1,0.05,1,34.85,0,58,430
27,loss10_lat050ms,0.1,0.05,1,42.4,0,57,369
28,loss10_lat050ms,0.1,0.05,1,43.35,0,65,350
29,loss10_lat050ms,0.1,0.05,1,66.85,0,56,438
30,loss10_lat050ms,0.1,0.05,1,66.5,0,60,557
1,loss10_lat100ms,0.1,0.1,1,42.2,0,68,458
2,loss10_lat100ms,0.1,0.1,1,44.5,0,62,408
3,loss10_lat100ms,0.1,0.1,1,42.2,0,63,487
4,loss10_lat100ms,0.1,0.1,1,74.9,0,61,672
5,loss10_lat100ms,0.1,0.1,1,21.15,0,72,342
6,loss10_lat100ms,0.1,0.1,1,86.05,0,64,680
7,loss10_lat100ms,0.1,0.1,1,21.3,0,58,355
8,loss10_lat100ms,0.1,0.1,1,36.85,0,73,394
9,loss10_lat100ms,0.1,0.1,1,28.0,0,65,473
10,loss10_lat100ms,0.1,0.1,1,47.05,0,65,436
11,loss10_lat100ms,0.1,0.1,1,21.2,0,65,385
12,loss10_lat100ms,0.1,0.1,1,38.1,0,65,523
13,loss10_lat100ms,0.1,0.1,1,63.7,0,46,604
14,loss10_lat100ms,0.1,0.1,1,40.2,0,64,490
15,loss10_lat100ms,0.1,0.1,1,44.5,0,59,352
16,loss10_lat100ms,0.1,0.1,1,42.85,0,41,458
17,loss10_lat100ms,0.1,0.1,1,42.2,0,66,353
18,loss10_lat100ms,0.1,0.1,1,42.2,0,38,382
19,loss10_lat100ms,0.1,0.1,1,70.15,0,60,481
20,loss10_lat100ms,0.1,0.1,1,51.4,0,59,395
21,loss10_lat100ms,0.1,0.1,1,30.55,0,58,473
22,loss10_lat100ms,0.1,0.1,1,56.85,0,56,447
23,loss10_lat100ms,0.1,0.1,1,42.2,0,68,329
24,loss10_lat100ms,0.1,0.1,1,40.65,47,85,508
25,loss10_lat100ms,0.1,0.1,1,42.8,0,66,332
26,loss10_lat100ms,0.1,0.1,1,34.85,0,58,430
27,loss10_lat100ms,0.1,0.1,1,42.4,0,57,370
28,loss10_lat100ms,0.1,0.1,1,43.35,0,65,352
29,loss10_lat100ms,0.1,0.1,1,66.85,0,56,438
30,loss10_lat100ms,0.1,0.1,1,66.5,0,60,559
1,loss10_lat200ms,0.1,0.2,1,42.2,0,68,463
2,loss10_lat200ms,0.1,0.2,1,91.25,0,62,655
3,loss10_lat200ms,0.1,0.2,1,42.2,0,63,492
4,loss10_lat200ms,0.1,0.2,1,74.9,0,61,675
5,loss10_lat200ms,0.1,0.2,1,21.15,0,72,345
6,loss10_lat200ms,0.1,0.2,1,86.05,0,64,683
7,loss10_lat200ms,0.1,0.2,1,21.3,0,58,357
8,loss10_lat200ms,0.1,0.2,1,36.85,0,69,397
9,loss10_lat200ms,0.1,0.2,1,28.0,0,65,479
10,loss10_lat200ms,0.1,0.2,1,47.05,0,65,439
11,loss10_lat200ms,0.1,0.2,1,21.2,0,65,389
12,loss10_lat200ms,0.1,0.2,1,38.1,0,65,525
13,loss10_lat200ms,0.1,0.2,1,63.7,0,46,608
14,loss10_lat200ms,0.1,0.2,1,40.2,0,64,493
15,loss10_lat200ms,0.1,0.2,1,44.85,0,59,352
16,loss10_lat200ms,0.1,0.2,1,42.85,0,41,461
17,loss10_lat200ms,0.1,0.2,1,42.2,0,66,357
18,loss10_lat200ms,0.1,0.2,1,42.2,0,38,382
19,loss10_lat200ms,0.1,0.2,1,70.15,0,60,485
20,loss10_lat200ms,0.1,0.2,1,51.4,0,59,399
21,loss10_lat200ms,0.1,0.2,1,30.55,0,58,477
22,loss10_lat200ms,0.1,0.2,1,56.85,0,56,450
23,loss10_lat200ms,0.1,0.2,1,42.2,0,68,334
24,loss10_lat200ms,0.1,0.2,1,40.65,47,85,508
25,loss10_lat200ms,0.1,0.2,1,42.8,0,66,333
26,loss10_lat200ms,0.1,0.2,1,34.85,0,58,433
27,loss10_lat200ms,0.1,0.2,1,42.4,0,57,373
28,loss10_lat200ms,0.1,0.2,1,43.35,0,65,355
29,loss10_lat200ms,0.1,0.2,1,66.85,0,56,442
30,loss10_lat200ms,0.1,0.2,1,66.5,0,60,562
1,loss20_lat000ms,0.2,0.0,1,42.2,0,63,457
2,loss20_lat000ms,0.2,0.0,1,38.05,0,54,460
3,loss20_lat000ms,0.2,0.0,1,42.2,0,50,485
4,loss20_lat000ms,0.2,0.0,1,74.9,0,44,670
5,loss20_lat000ms,0.2,0.0,1,21.15,0,49,335
6,loss20_lat000ms,0.2,0.0,1,46.9,0,37,495
7,loss20_lat000ms,0.2,0.0,1,21.3,0,62,355
8,loss20_lat000ms,0.2,0.0,1,36.85,0,51,389
9,loss20_lat000ms,0.2,0.0,1,28.0,0,73,479
10,loss20_lat000ms,0.2,0.0,1,47.05,0,45,430
11,loss20_lat000ms,0.2,0.0,1,21.2,0,45,381
12,loss20_lat000ms,0.2,0.0,1,44.05,0,43,536
13,loss20_lat000ms,0.2,0.0,1,47.05,0,41,512
14,loss20_lat000ms,0.2,0.0,1,40.2,0,51,488
15,loss20_lat000ms,0.2,0.0,1,47.5,0,41,352
16,loss20_lat000ms,0.2,0.0,1,42.85,0,35,460
17,loss20_lat000ms,0.2,0.0,1,42.2,0,61,352
18,loss20_lat000ms,0.2,0.0,1,42.2,0,35,382
19,loss20_lat000ms,0.2,0.0,1,69.65,0,35,472
20,loss20_lat000ms,0.2,0.0,1,51.4,0,45,391
21,loss20_lat000ms,0.2,0.0,1,30.55,0,40,470
22,loss20_lat000ms,0.2,0.0,1,56.85,0,49,447
23,loss20_lat000ms,0.2,0.0,1,42.2,0,43,326
24,loss20_lat000ms,0.2,0.0,1,40.65,47,79,501
25,loss20_lat000ms,0.2,0.0,1,37.8,0,41,397
26,loss20_lat000ms,0.2,0.0,1,34.85,0,42,432
27,loss20_lat000ms,0.2,0.0,1,42.4,0,47,366
28,loss20_lat000ms,0.2,0.0,1,42.4,0,39,343
29,loss20_lat000ms,0.2,0.0,1,66.85,0,52,439
30,loss20_lat000ms,0.2,0.0,1,66.5,0,45,557
1,loss20_lat050ms,0.2,0.05,1,42.2,0,63,456
2,loss20_lat050ms,0.2,0.05,1,44.35,0,53,411
3,loss20_lat050ms,0.2,0.05,1,42.2,0,54,486
4,loss20_lat050ms,0.2,0.05,1,74.9,0,45,671
5,loss20_lat050ms,0.2,0.05,1,21.15,0,52,336
6,loss20_lat050ms,0.2,0.05,1,86.05,0,50,678
7,loss20_lat050ms,0.2,0.05,1,21.3,0,52,352
8,loss20_lat050ms,0.2,0.05,1,42.2,0,52,370
9,loss20_lat050ms,0.2,0.05,1,23.35,0,62,421
10,loss20_lat050ms,0.2,0.05,1,47.05,0,43,428
11,loss20_lat050ms,0.2,0.05,1,21.2,0,41,383
12,loss20_lat050ms,0.2,0.05,1,37.85,0,50,539
13,loss20_lat050ms,0.2,0.05,1,63.7,0,44,607
14,loss20_lat050ms,0.2,0.05,1,40.2,0,56,488
15,loss20_lat050ms,0.2,0.05,1,44.35,0,45,356
16,loss20_lat050ms,0.2,0.05,1,42.85,0,35,458
17,loss20_lat050ms,0.2,0.05,1,42.2,0,57,351
18,loss20_lat050ms,0.2,0.05,1,42.2,0,34,381
19,loss20_lat050ms,0.2,0.05,1,70.15,0,46,480
20,loss20_lat050ms,0.2,0.05,1,51.4,0,43,394
21,loss20_lat050ms,0.2,0.05,1,30.55,0,44,470
22,loss20_lat050ms,0.2,0.05,1,56.85,0,55,448
23,loss20_lat050ms,0.2,0.05,1,42.2,0,43,327
24,loss20_lat050ms,0.2,0.05,1,40.65,47,74,501
25,loss20_lat050ms,0.2,0.05,1,42.8,0,41,326
26,loss20_lat050ms,0.2,0.05,1,34.85,0,39,429
27,loss20_lat050ms,0.2,0.05,1,42.4,0,47,367
28,loss20_lat050ms,0.2,0.05,1,37.4,0,46,467
29,loss20_lat050ms,0.2,0.05,1,66.85,0,40,439
30,loss20_lat050ms,0.2,0.05,1,66.5,0,45,556
1,loss20_lat100ms,0.2,0.1,1,42.2,0,63,457
2,loss20_lat100ms,0.2,0.1,1,44.5,0,53,408
3,loss20_lat100ms,0.2,0.1,1,42.2,0,54,485
4,loss20_lat100ms,0.2,0.1,1,74.9,0,45,669
5,loss20_lat100ms,0.2,0.1,1,21.15,0,52,337
6,loss20_lat100ms,0.2,0.1,1,86.05,0,50,680
7,loss20_lat100ms,0.2,0.1,1,21.3,0,52,351
8,loss20_lat100ms,0.2,0.1,1,42.2,0,52,370
9,loss20_lat100ms,0.2,0.1,1,23.35,0,62,419
10,loss20_lat100ms,0.2,0.1,1,47.05,0,43,429
11,loss20_lat100ms,0.2,0.1,1,21.2,0,41,381
12,loss20_lat100ms,0.2,0.1,1,37.85,0,50,539
13,loss20_lat100ms,0.2,0.1,1,63.7,0,44,603
14,loss20_lat100ms,0.2,0.1,1,40.2,0,56,489
15,loss20_lat100ms,0.2,0.1,1,44.5,0,45,351
16,loss20_lat100ms,0.2,0.1,1,42.85,0,35,457
17,loss20_lat100ms,0.2,0.1,1,42.2,0,57,352
18,loss20_lat100ms,0.2,0.1,1,42.2,0,34,380
19,loss20_lat100ms,0.2,0.1,1,70.15,0,46,479
20,loss20_lat100ms,0.2,0.1,1,51.4,0,43,395
21,loss20_lat100ms,0.2,0.1,1,30.55,0,44,472
22,loss20_lat100ms,0.2,0.1,1,56.85,0,55,448
23,loss20_lat100ms,0.2,0.1,1,42.2,0,43,326
24,loss20_lat100ms,0.2,0.1,1,40.65,47,74,505
25,loss20_lat100ms,0.2,0.1,1,42.8,0,41,325
26,loss20_lat100ms,0.2,0.1,1,34.85,0,39,427
27,loss20_lat100ms,0.2,0.1,1,42.4,0,47,368
28,loss20_lat100ms,0.2,0.1,1,37.4,0,46,468
29,loss20_lat100ms,0.2,0.1,1,66.85,0,40,437
30,loss20_lat100ms,0.2,0.1,1,66.5,0,45,557
1,loss20_lat200ms,0.2,0.2,1,42.2,0,63,462
2,loss20_lat200ms,0.2,0.2,1,91.25,0,53,655
3,loss20_lat200ms,0.2,0.2,1,42.2,0,54,490
4,loss20_lat200ms,0.2,0.2,1,74.9,0,45,673
5,loss20_lat200ms,0.2,0.2,1,21.15,0,52,340
6,loss20_lat200ms,0.2,0.2,1,86.05,0,50,683
7,loss20_lat200ms,0.2,0.2,1,21.3,0,52,352
8,loss20_lat200ms,0.2,0.2,1,42.2,0,52,374
9,loss20_lat200ms,0.2,0.2,1,23.35,0,62,423
10,loss20_lat200ms,0.2,0.2,1,47.05,0,43,431
11,loss20_lat200ms,0.2,0.2,1,21.2,0,41,384
12,loss20_lat200ms,0.2,0.2,1,37.85,0,50,541
13,loss20_lat200ms,0.2,0.2,1,63.7,0,44,607
14,loss20_lat200ms,0.2,0.2,1,40.2,0,56,492
15,loss20_lat200ms,0.2,0.2,1,44.85,0,45,352
16,loss20_lat200ms,0.2,0.2,1,42.85,0,35,460
17,loss20_lat200ms,0.2,0.2,1,42.2,0,57,356
18,loss20_lat200ms,0.2,0.2,1,42.2,0,34,380
19,loss20_lat200ms,0.2,0.2,1,70.15,0,46,482
20,loss20_lat200ms,0.2,0.2,1,51.4,0,43,399
21,loss20_lat200ms,0.2,0.2,1,30.55,0,44,476
22,loss20_lat200ms,0.2,0.2,1,56.85,0,55,451
23,loss20_lat200ms,0.2,0.2,1,42.2,0,43,330
24,loss20_lat200ms,0.2,0.2,1,40.65,47,74,506
25,loss20_lat200ms,0.2,0.2,1,42.8,0,41,325
26,loss20_lat200ms,0.2,0.2,1,34.85,0,39,430
27,loss20_lat200ms,0.2,0.2,1,42.4,0,47,371
28,loss20_lat200ms,0.2,0.2,1,37.4,0,46,470
29,loss20_lat200ms,0.2,0.2,1,66.85,0,40,441
30,loss20_lat200ms,0.2,0.2,1,66.5,0,45,560
