trial_id,mesh_enabled,separation_m,local_detection_time_s,reroute_time_s,anticipation_lead_time_s,backtrack_distance_m,path_length_m,makespan_s,success
1,0,9.64,1.9,2.05,-0.15,3.617,32.85,31.65,1
1,1,9.64,12.0,0.0,12.0,1.078,25.1,22.5,1
2,0,9.82,2.0,2.05,-0.05,3.067,24.52,22.85,1
2,1,9.82,33.3,0.0,33.3,5.698,41.88,38.5,1
3,0,8.53,0.8,0.85,-0.05,1.692,23.78,21.4,1
3,1,8.53,10.95,0.0,10.95,1.078,25.1,22.5,1
4,0,8.99,1.35,1.45,-0.1,2.757,27.36,26.2,1
4,1,8.99,11.5,0.0,11.5,1.078,25.1,22.5,1
5,0,8.68,1.1,1.15,-0.05,2.024,21.52,19.05,1
5,1,8.68,5.65,0.0,5.65,0.729,19.48,17.15,1
6,0,8.56,0.8,0.85,-0.05,1.692,23.78,21.4,1
6,1,8.56,10.95,0.0,10.95,1.078,25.1,22.5,1
7,0,8.44,0.9,1.0,-0.1,1.871,23.6,21.25,1
7,1,8.44,11.0,0.0,11.0,1.078,25.1,22.5,1
8,0,8.13,0.55,0.7,-0.15,1.49,20.4,18.05,1
8,1,8.13,5.1,0.0,5.1,0.729,19.48,17.15,1
9,0,10.77,2.7,2.8,-0.1,3.987,29.7,26.9,1
9,1,10.77,12.9,0.0,12.9,1.078,25.1,22.5,1
10,0,10.68,2.65,2.8,-0.15,3.987,29.7,26.9,1
10,1,10.68,12.9,0.0,12.9,1.078,25.1,22.5,1
11,0,9.92,2.1,2.2,-0.1,3.299,28.9,26.6,1
11,1,9.92,6.75,0.0,6.75,0.729,19.48,17.15,1
12,0,8.27,0.65,0.7,-0.05,1.553,24.02,21.6,1
12,1,8.27,10.8,0.0,10.8,1.078,25.1,22.5,1
13,0,8.81,1.1,1.15,-0.05,2.047,23.1,20.85,1
13,1,8.81,11.2,0.0,11.2,1.078,25.1,22.5,1
14,0,8.53,0.9,1.0,-0.1,1.871,23.6,21.25,1
14,1,8.53,11.1,0.0,11.1,1.078,25.1,22.5,1
15,0,9.1,1.25,1.3,-0.05,2.189,22.5,20.35,1
15,1,9.1,11.4,0.0,11.4,1.078,25.1,22.5,1
16,0,10.31,2.35,2.5,-0.15,3.656,29.75,27.25,1
16,1,10.31,6.95,0.0,6.95,0.729,19.48,17.15,1
17,0,9.95,2.15,2.2,-0.05,3.808,27.65,26.7,1
17,1,9.95,12.25,0.0,12.25,1.078,25.1,22.5,1
18,0,8.43,0.9,1.0,-0.1,1.854,20.93,18.55,1
18,1,8.43,5.45,0.0,5.45,0.729,19.48,17.15,1
19,0,8.63,0.95,1.0,-0.05,1.854,20.93,18.55,1
19,1,8.63,5.5,0.0,5.5,0.729,19.48,17.15,1
20,0,10.42,2.4,2.5,-0.1,3.643,29.69,26.95,1
20,1,10.42,12.6,0.0,12.6,1.078,25.1,22.5,1
21,0,9.68,1.75,1.9,-0.15,2.97,27.58,26.05,1
21,1,9.68,11.85,0.0,11.85,1.078,25.1,22.5,1
22,0,9.61,1.75,1.9,-0.15,2.97,27.58,26.05,1
22,1,9.61,11.8,0.0,11.8,1.078,25.1,22.5,1
23,0,10.0,2.05,2.2,-0.15,3.461,29.23,27.25,1
23,1,10.0,12.2,0.0,12.2,1.078,25.1,22.5,1
24,0,9.39,1.65,1.75,-0.1,2.845,27.08,25.75,1
24,1,9.39,11.8,0.0,11.8,1.078,25.1,22.5,1
25,0,9.06,1.3,1.45,-0.15,2.905,26.19,24.7,1
25,1,9.06,11.45,0.0,11.45,1.078,25.1,22.5,1
26,0,10.08,2.2,2.35,-0.15,3.524,26.01,23.1,1
26,1,10.08,12.45,0.0,12.45,1.078,25.1,22.5,1
27,0,8.46,0.75,0.85,-0.1,1.655,20.61,18.25,1
27,1,8.46,5.3,0.0,5.3,0.729,19.48,17.15,1
28,0,10.58,2.6,2.65,-0.05,3.794,26.74,23.5,1
28,1,10.58,12.8,0.0,12.8,1.078,25.1,22.5,1
29,0,8.57,0.85,1.0,-0.15,1.871,23.6,21.25,1
29,1,8.57,11.05,0.0,11.05,1.078,25.1,22.5,1
30,0,8.84,1.15,1.3,-0.15,2.189,22.5,20.35,1
30,1,8.84,11.25,0.0,11.25,1.078,25.1,22.5,1
31,0,10.01,2.1,2.2,-0.1,3.421,25.8,23.15,1
31,1,10.01,12.35,0.0,12.35,1.078,25.1,22.5,1
32,0,8.69,1.1,1.15,-0.05,2.024,21.52,30.1,1
32,1,8.69,5.7,0.0,5.7,0.729,19.48,17.75,1
33,0,9.6,1.75,1.9,-0.15,2.904,24.34,21.45,1
33,1,9.6,11.9,0.0,11.9,1.078,25.1,22.5,1
34,0,10.34,2.45,2.5,-0.05,3.656,29.75,27.25,1
34,1,10.34,12.55,0.0,12.55,1.078,25.1,22.5,1
35,0,8.38,0.7,0.85,-0.15,1.692,23.78,21.4,1
35,1,8.38,10.95,0.0,10.95,1.078,25.1,22.5,1
36,0,9.8,1.95,2.05,-0.1,3.584,31.59,29.2,1
36,1,9.8,6.5,0.0,6.5,0.729,19.48,17.15,1
37,0,9.96,2.05,2.2,-0.15,3.61,28.65,27.15,1
37,1,9.96,12.2,0.0,12.2,1.078,25.1,22.5,1
38,0,10.26,2.25,2.35,-0.1,3.564,29.49,27.25,1
38,1,10.26,6.9,0.0,6.9,0.729,19.48,17.15,1
39,0,8.41,0.8,0.85,-0.05,1.692,23.78,21.4,1
39,1,8.41,10.9,0.0,10.9,1.078,25.1,22.5,1
40,0,10.61,2.6,2.65,-0.05,3.83,29.78,27.25,1
40,1,10.61,12.65,0.0,12.65,1.078,25.1,22.5,1
41,0,10.02,2.2,2.35,-0.15,3.564,29.49,27.25,1
41,1,10.02,12.35,0.0,12.35,1.078,25.1,22.5,1
42,0,8.68,0.95,1.0,-0.05,1.865,22.64,20.45,1
42,1,8.68,11.05,0.0,11.05,1.078,25.1,22.5,1
43,0,9.05,1.3,1.45,-0.15,2.748,30.49,28.5,1
43,1,9.05,11.4,0.0,11.4,1.078,25.1,22.5,1
44,0,8.75,1.0,1.15,-0.15,2.047,23.1,20.85,1
44,1,8.75,11.1,0.0,11.1,1.078,25.1,22.5,1
45,0,8.72,0.95,1.0,-0.05,1.854,20.93,18.55,1
45,1,8.72,5.6,0.0,5.6,0.729,19.48,17.15,1
46,0,8.2,0.7,0.85,-0.15,1.692,23.78,21.4,1
46,1,8.2,10.8,0.0,10.8,1.078,25.1,22.5,1
47,0,10.76,2.7,2.8,-0.1,4.001,29.76,27.2,1
47,1,10.76,7.35,0.0,7.35,0.729,19.48,17.15,1
48,0,10.61,2.6,2.65,-0.05,3.794,26.74,23.5,1
48,1,10.61,12.75,0.0,12.75,1.078,25.1,22.5,1
49,0,8.23,0.6,0.7,-0.1,1.49,20.4,18.05,1
49,1,8.23,5.25,0.0,5.25,0.729,19.48,17.15,1
50,0,10.1,2.1,2.2,-0.1,3.461,29.23,27.25,1
50,1,10.1,12.3,0.0,12.3,1.078,25.1,22.5,1
