trial_id,cell,h_prox_routing,social_routing,yielding,success,timeout,makespan_s,intimate_exposure_person_ticks,intimate_exposure_person_s,intimate_encounters,replans
1,A_prox_off_yield_off,0,0,0,1,0,19.2,129,6.45,5,77
2,A_prox_off_yield_off,0,0,0,1,0,19.2,124,6.2,5,77
3,A_prox_off_yield_off,0,0,0,1,0,19.2,122,6.1,5,77
4,A_prox_off_yield_off,0,0,0,1,0,19.2,129,6.45,5,77
5,A_prox_off_yield_off,0,0,0,1,0,19.2,124,6.2,5,77
6,A_prox_off_yield_off,0,0,0,1,0,19.2,137,6.85,5,77
7,A_prox_off_yield_off,0,0,0,1,0,19.2,120,6.0,5,77
8,A_prox_off_yield_off,0,0,0,1,0,19.2,133,6.65,5,77
9,A_prox_off_yield_off,0,0,0,1,0,19.2,128,6.4,5,77
10,A_prox_off_yield_off,0,0,0,1,0,19.2,132,6.6,5,77
11,A_prox_off_yield_off,0,0,0,1,0,19.2,125,6.25,5,77
12,A_prox_off_yield_off,0,0,0,1,0,19.2,128,6.4,5,77
13,A_prox_off_yield_off,0,0,0,1,0,19.2,121,6.05,5,77
14,A_prox_off_yield_off,0,0,0,1,0,19.2,137,6.85,5,77
15,A_prox_off_yield_off,0,0,0,1,0,19.2,129,6.45,5,77
16,A_prox_off_yield_off,0,0,0,1,0,19.2,133,6.65,5,77
17,A_prox_off_yield_off,0,0,0,1,0,19.2,124,6.2,5,77
18,A_prox_off_yield_off,0,0,0,1,0,19.2,131,6.55,5,77
19,A_prox_off_yield_off,0,0,0,1,0,19.2,132,6.6,5,77
20,A_prox_off_yield_off,0,0,0,1,0,19.2,141,7.05,5,77
21,A_prox_off_yield_off,0,0,0,1,0,19.2,129,6.45,5,77
22,A_prox_off_yield_off,0,0,0,1,0,19.2,129,6.45,5,77
23,A_prox_off_yield_off,0,0,0,1,0,19.2,141,7.05,5,77
24,A_prox_off_yield_off,0,0,0,1,0,19.2,121,6.05,5,77
25,A_prox_off_yield_off,0,0,0,1,0,19.2,136,6.8,5,77
26,A_prox_off_yield_off,0,0,0,1,0,19.2,134,6.7,5,77
27,A_prox_off_yield_off,0,0,0,1,0,19.2,129,6.45,5,77
28,A_prox_off_yield_off,0,0,0,1,0,19.2,136,6.8,5,77
29,A_prox_off_yield_off,0,0,0,1,0,19.2,135,6.75,5,77
30,A_prox_off_yield_off,0,0,0,1,0,19.2,127,6.35,5,77
31,A_prox_off_yield_off,0,0,0,1,0,19.2,125,6.25,5,77
32,A_prox_off_yield_off,0,0,0,1,0,19.2,120,6.0,5,77
33,A_prox_off_yield_off,0,0,0,1,0,19.2,124,6.2,5,77
34,A_prox_off_yield_off,0,0,0,1,0,19.2,131,6.55,5,77
35,A_prox_off_yield_off,0,0,0,1,0,19.2,131,6.55,5,77
36,A_prox_off_yield_off,0,0,0,1,0,19.2,122,6.1,5,77
37,A_prox_off_yield_off,0,0,0,1,0,19.2,132,6.6,5,77
38,A_prox_off_yield_off,0,0,0,1,0,19.2,121,6.05,5,77
39,A_prox_off_yield_off,0,0,0,1,0,19.2,133,6.65,5,77
40,A_prox_off_yield_off,0,0,0,1,0,19.2,126,6.3,5,77
41,A_prox_off_yield_off,0,0,0,1,0,19.2,127,6.35,5,77
42,A_prox_off_yield_off,0,0,0,1,0,19.2,123,6.15,5,77
43,A_prox_off_yield_off,0,0,0,1,0,19.2,126,6.3,5,77
44,A_prox_off_yield_off,0,0,0,1,0,19.2,129,6.45,5,77
45,A_prox_off_yield_off,0,0,0,1,0,19.2,129,6.45,5,77
46,A_prox_off_yield_off,0,0,0,1,0,19.2,125,6.25,5,77
47,A_prox_off_yield_off,0,0,0,1,0,19.2,133,6.65,5,77
48,A_prox_off_yield_off,0,0,0,1,0,19.2,131,6.55,5,77
49,A_prox_off_yield_off,0,0,0,1,0,19.2,130,6.5,5,77
50,A_prox_off_yield_off,0,0,0,1,0,19.2,120,6.0,5,77
1,B_prox_off_yield_on,0,0,1,0,1,180.0,915,45.75,7,94
2,B_prox_off_yield_on,0,0,1,1,0,126.5,648,32.4,3,98
3,B_prox_off_yield_on,0,0,1,0,1,180.0,893,44.65,6,95
4,B_prox_off_yield_on,0,0,1,0,1,180.0,1360,68.0,6,96
5,B_prox_off_yield_on,0,0,1,0,1,180.0,969,48.45,8,96
6,B_prox_off_yield_on,0,0,1,1,0,118.15,805,40.25,10,97
7,B_prox_off_yield_on,0,0,1,0,1,180.0,1359,67.95,12,95
8,B_prox_off_yield_on,0,0,1,0,1,180.0,1052,52.6,6,96
9,B_prox_off_yield_on,0,0,1,0,1,180.0,951,47.55,6,95
10,B_prox_off_yield_on,0,0,1,0,1,180.0,920,46.0,7,96
11,B_prox_off_yield_on,0,0,1,0,1,180.0,963,48.15,8,96
12,B_prox_off_yield_on,0,0,1,0,1,180.0,974,48.7,9,96
13,B_prox_off_yield_on,0,0,1,0,1,180.0,1419,70.95,22,96
14,B_prox_off_yield_on,0,0,1,0,1,180.0,1309,65.45,10,95
15,B_prox_off_yield_on,0,0,1,0,1,180.0,1753,87.65,13,96
16,B_prox_off_yield_on,0,0,1,0,1,180.0,795,39.75,5,96
17,B_prox_off_yield_on,0,0,1,0,1,180.0,950,47.5,7,95
18,B_prox_off_yield_on,0,0,1,0,1,180.0,193,9.65,4,96
19,B_prox_off_yield_on,0,0,1,0,1,180.0,481,24.05,4,95
20,B_prox_off_yield_on,0,0,1,0,1,180.0,1421,71.05,10,95
21,B_prox_off_yield_on,0,0,1,0,1,180.0,1045,52.25,7,95
22,B_prox_off_yield_on,0,0,1,1,0,123.9,437,21.85,4,97
23,B_prox_off_yield_on,0,0,1,0,1,180.0,927,46.35,6,96
24,B_prox_off_yield_on,0,0,1,0,1,180.0,762,38.1,7,96
25,B_prox_off_yield_on,0,0,1,0,1,180.0,655,32.75,7,96
26,B_prox_off_yield_on,0,0,1,0,1,180.0,957,47.85,4,96
27,B_prox_off_yield_on,0,0,1,0,1,180.0,927,46.35,6,95
28,B_prox_off_yield_on,0,0,1,0,1,180.0,1044,52.2,9,96
29,B_prox_off_yield_on,0,0,1,0,1,180.0,663,33.15,6,96
30,B_prox_off_yield_on,0,0,1,0,1,180.0,297,14.85,7,96
31,B_prox_off_yield_on,0,0,1,0,1,180.0,1559,77.95,6,97
32,B_prox_off_yield_on,0,0,1,0,1,180.0,570,28.5,3,95
33,B_prox_off_yield_on,0,0,1,0,1,180.0,713,35.65,10,96
34,B_prox_off_yield_on,0,0,1,0,1,180.0,1110,55.5,7,96
35,B_prox_off_yield_on,0,0,1,0,1,180.0,1140,57.0,15,96
36,B_prox_off_yield_on,0,0,1,0,1,180.0,1045,52.25,4,96
37,B_prox_off_yield_on,0,0,1,0,1,180.0,1836,91.8,11,96
38,B_prox_off_yield_on,0,0,1,0,1,180.0,879,43.95,5,95
39,B_prox_off_yield_on,0,0,1,1,0,131.15,719,35.95,7,97
40,B_prox_off_yield_on,0,0,1,0,1,180.0,1163,58.15,12,96
41,B_prox_off_yield_on,0,0,1,0,1,180.0,1839,91.95,13,96
42,B_prox_off_yield_on,0,0,1,0,1,180.0,1278,63.9,12,96
43,B_prox_off_yield_on,0,0,1,1,0,147.15,327,16.35,3,97
44,B_prox_off_yield_on,0,0,1,0,1,180.0,925,46.25,9,96
45,B_prox_off_yield_on,0,0,1,0,1,180.0,1105,55.25,10,95
46,B_prox_off_yield_on,0,0,1,0,1,180.0,557,27.85,3,96
47,B_prox_off_yield_on,0,0,1,0,1,180.0,1259,62.95,5,95
48,B_prox_off_yield_on,0,0,1,1,0,127.6,1121,56.05,8,97
49,B_prox_off_yield_on,0,0,1,0,1,180.0,1021,51.05,4,95
50,B_prox_off_yield_on,0,0,1,0,1,180.0,1344,67.2,8,96
1,C_prox_on_yield_off,1,1,0,1,0,45.2,0,0.0,0,546
2,C_prox_on_yield_off,1,1,0,1,0,33.25,0,0.0,0,410
3,C_prox_on_yield_off,1,1,0,1,0,27.1,0,0.0,0,424
4,C_prox_on_yield_off,1,1,0,1,0,35.85,0,0.0,0,476
5,C_prox_on_yield_off,1,1,0,1,0,36.1,0,0.0,0,431
6,C_prox_on_yield_off,1,1,0,1,0,48.85,0,0.0,0,558
7,C_prox_on_yield_off,1,1,0,1,0,36.7,0,0.0,0,366
8,C_prox_on_yield_off,1,1,0,1,0,30.3,0,0.0,0,373
9,C_prox_on_yield_off,1,1,0,1,0,35.0,0,0.0,0,468
10,C_prox_on_yield_off,1,1,0,1,0,27.55,0,0.0,0,422
11,C_prox_on_yield_off,1,1,0,1,0,39.45,0,0.0,0,498
12,C_prox_on_yield_off,1,1,0,1,0,29.3,0,0.0,0,362
13,C_prox_on_yield_off,1,1,0,1,0,83.85,0,0.0,0,698
14,C_prox_on_yield_off,1,1,0,1,0,28.7,0,0.0,0,403
15,C_prox_on_yield_off,1,1,0,1,0,59.8,0,0.0,0,563
16,C_prox_on_yield_off,1,1,0,1,0,32.8,0,0.0,0,399
17,C_prox_on_yield_off,1,1,0,1,0,35.4,0,0.0,0,413
18,C_prox_on_yield_off,1,1,0,1,0,47.4,0,0.0,0,522
19,C_prox_on_yield_off,1,1,0,1,0,34.3,0,0.0,0,415
20,C_prox_on_yield_off,1,1,0,1,0,27.9,0,0.0,0,417
21,C_prox_on_yield_off,1,1,0,1,0,43.4,0,0.0,0,460
22,C_prox_on_yield_off,1,1,0,1,0,29.3,0,0.0,0,384
23,C_prox_on_yield_off,1,1,0,1,0,45.35,12,0.6,1,488
24,C_prox_on_yield_off,1,1,0,1,0,50.65,0,0.0,0,382
25,C_prox_on_yield_off,1,1,0,1,0,36.25,0,0.0,0,431
26,C_prox_on_yield_off,1,1,0,1,0,38.25,0,0.0,0,445
27,C_prox_on_yield_off,1,1,0,1,0,34.75,0,0.0,0,458
28,C_prox_on_yield_off,1,1,0,1,0,38.55,0,0.0,0,461
29,C_prox_on_yield_off,1,1,0,1,0,48.35,0,0.0,0,506
30,C_prox_on_yield_off,1,1,0,1,0,34.35,0,0.0,0,461
31,C_prox_on_yield_off,1,1,0,1,0,28.25,0,0.0,0,391
32,C_prox_on_yield_off,1,1,0,1,0,50.35,0,0.0,0,648
33,C_prox_on_yield_off,1,1,0,1,0,32.45,0,0.0,0,430
34,C_prox_on_yield_off,1,1,0,1,0,52.65,0,0.0,0,540
35,C_prox_on_yield_off,1,1,0,1,0,41.1,0,0.0,0,441
36,C_prox_on_yield_off,1,1,0,1,0,28.25,0,0.0,0,409
37,C_prox_on_yield_off,1,1,0,1,0,26.55,0,0.0,0,351
38,C_prox_on_yield_off,1,1,0,1,0,27.1,0,0.0,0,365
39,C_prox_on_yield_off,1,1,0,1,0,60.85,0,0.0,0,468
40,C_prox_on_yield_off,1,1,0,1,0,35.1,0,0.0,0,403
41,C_prox_on_yield_off,1,1,0,1,0,31.2,0,0.0,0,399
42,C_prox_on_yield_off,1,1,0,1,0,41.5,0,0.0,0,554
43,C_prox_on_yield_off,1,1,0,1,0,27.75,0,0.0,0,387
44,C_prox_on_yield_off,1,1,0,1,0,31.6,0,0.0,0,383
45,C_prox_on_yield_off,1,1,0,1,0,30.3,0,0.0,0,377
46,C_prox_on_yield_off,1,1,0,1,0,42.1,20,1.0,1,513
47,C_prox_on_yield_off,1,1,0,1,0,28.3,0,0.0,0,442
48,C_prox_on_yield_off,1,1,0,1,0,49.2,0,0.0,0,655
49,C_prox_on_yield_off,1,1,0,1,0,39.1,0,0.0,0,499
50,C_prox_on_yield_off,1,1,0,1,0,33.95,0,0.0,0,402
1,D_prox_on_yield_on,1,1,1,1,0,45.2,0,0.0,0,546
2,D_prox_on_yield_on,1,1,1,1,0,33.25,0,0.0,0,410
3,D_prox_on_yield_on,1,1,1,1,0,27.1,0,0.0,0,424
4,D_prox_on_yield_on,1,1,1,1,0,35.85,0,0.0,0,476
5,D_prox_on_yield_on,1,1,1,1,0,36.1,0,0.0,0,431
6,D_prox_on_yield_on,1,1,1,1,0,48.85,0,0.0,0,558
7,D_prox_on_yield_on,1,1,1,1,0,36.7,0,0.0,0,366
8,D_prox_on_yield_on,1,1,1,1,0,30.3,0,0.0,0,373
9,D_prox_on_yield_on,1,1,1,1,0,35.0,0,0.0,0,468
10,D_prox_on_yield_on,1,1,1,1,0,27.55,0,0.0,0,422
11,D_prox_on_yield_on,1,1,1,1,0,39.45,0,0.0,0,498
12,D_prox_on_yield_on,1,1,1,1,0,29.3,0,0.0,0,362
13,D_prox_on_yield_on,1,1,1,1,0,83.85,0,0.0,0,698
14,D_prox_on_yield_on,1,1,1,1,0,28.7,0,0.0,0,403
15,D_prox_on_yield_on,1,1,1,1,0,59.8,0,0.0,0,563
16,D_prox_on_yield_on,1,1,1,1,0,32.8,0,0.0,0,399
17,D_prox_on_yield_on,1,1,1,1,0,35.4,0,0.0,0,413
18,D_prox_on_yield_on,1,1,1,1,0,47.4,0,0.0,0,522
19,D_prox_on_yield_on,1,1,1,1,0,34.3,0,0.0,0,415
20,D_prox_on_yield_on,1,1,1,1,0,27.9,0,0.0,0,417
21,D_prox_on_yield_on,1,1,1,1,0,43.4,0,0.0,0,460
22,D_prox_on_yield_on,1,1,1,1,0,29.3,0,0.0,0,384
23,D_prox_on_yield_on,1,1,1,1,0,51.4,109,5.45,1,527
24,D_prox_on_yield_on,1,1,1,1,0,50.65,0,0.0,0,382
25,D_prox_on_yield_on,1,1,1,1,0,36.25,0,0.0,0,431
26,D_prox_on_yield_on,1,1,1,1,0,38.25,0,0.0,0,445
27,D_prox_on_yield_on,1,1,1,1,0,34.75,0,0.0,0,458
28,D_prox_on_yield_on,1,1,1,1,0,38.55,0,0.0,0,461
29,D_prox_on_yield_on,1,1,1,1,0,48.35,0,0.0,0,506
30,D_prox_on_yield_on,1,1,1,1,0,34.35,0,0.0,0,461
31,D_prox_on_yield_on,1,1,1,1,0,28.25,0,0.0,0,391
32,D_prox_on_yield_on,1,1,1,1,0,50.35,0,0.0,0,648
33,D_prox_on_yield_on,1,1,1,1,0,32.45,0,0.0,0,430
34,D_prox_on_yield_on,1,1,1,1,0,52.65,0,0.0,0,540
35,D_prox_on_yield_on,1,1,1,1,0,41.1,0,0.0,0,441
36,D_prox_on_yield_on,1,1,1,1,0,28.25,0,0.0,0,409
37,D_prox_on_yield_on,1,1,1,1,0,26.55,0,0.0,0,351
38,D_prox_on_yield_on,1,1,1,1,0,27.1,0,0.0,0,365
39,D_prox_on_yield_on,1,1,1,1,0,60.85,0,0.0,0,468
40,D_prox_on_yield_on,1,1,1,1,0,35.1,0,0.0,0,403
41,D_prox_on_yield_on,1,1,1,1,0,31.2,0,0.0,0,399
42,D_prox_on_yield_on,1,1,1,1,0,41.5,0,0.0,0,554
43,D_prox_on_yield_on,1,1,1,1,0,27.75,0,0.0,0,387
44,D_prox_on_yield_on,1,1,1,1,0,31.6,0,0.0,0,383
45,D_prox_on_yield_on,1,1,1,1,0,30.3,0,0.0,0,377
46,D_prox_on_yield_on,1,1,1,1,0,44.25,32,1.6,1,535
47,D_prox_on_yield_on,1,1,1,1,0,28.3,0,0.0,0,442
48,D_prox_on_yield_on,1,1,1,1,0,49.2,0,0.0,0,655
49,D_prox_on_yield_on,1,1,1,1,0,39.1,0,0.0,0,499
50,D_prox_on_yield_on,1,1,1,1,0,33.95,0,0.0,0,402
