trial_id,config,weight_varied,multiplier,w_D,w_M,w_H,w_R,w_S,success,makespan_s,intimate_exposure_ticks,discomfort_integral,replans
1,nominal,none,1.0,1.0,1.5,2.0,1.0,1.2,1,36.5,0,0.003,475
2,nominal,none,1.0,1.0,1.5,2.0,1.0,1.2,1,37.75,0,0.001,377
3,nominal,none,1.0,1.0,1.5,2.0,1.0,1.2,1,37.75,0,0.001,386
4,nominal,none,1.0,1.0,1.5,2.0,1.0,1.2,1,36.95,0,0.0,426
5,nominal,none,1.0,1.0,1.5,2.0,1.0,1.2,1,45.3,0,0.008,458
6,nominal,none,1.0,1.0,1.5,2.0,1.0,1.2,1,44.25,0,0.022,517
7,nominal,none,1.0,1.0,1.5,2.0,1.0,1.2,1,42.2,0,0.003,367
8,nominal,none,1.0,1.0,1.5,2.0,1.0,1.2,1,43.25,0,0.009,424
9,nominal,none,1.0,1.0,1.5,2.0,1.0,1.2,1,55.85,0,0.05,555
10,nominal,none,1.0,1.0,1.5,2.0,1.0,1.2,1,58.55,0,0.008,409
11,nominal,none,1.0,1.0,1.5,2.0,1.0,1.2,1,59.2,0,0.009,456
12,nominal,none,1.0,1.0,1.5,2.0,1.0,1.2,1,33.45,0,0.012,423
13,nominal,none,1.0,1.0,1.5,2.0,1.0,1.2,1,34.75,0,0.014,415
14,nominal,none,1.0,1.0,1.5,2.0,1.0,1.2,1,52.95,0,0.004,414
15,nominal,none,1.0,1.0,1.5,2.0,1.0,1.2,1,35.45,0,0.023,472
16,nominal,none,1.0,1.0,1.5,2.0,1.0,1.2,1,45.2,0,0.003,404
17,nominal,none,1.0,1.0,1.5,2.0,1.0,1.2,1,39.85,0,0.012,473
18,nominal,none,1.0,1.0,1.5,2.0,1.0,1.2,1,36.85,0,0.024,472
19,nominal,none,1.0,1.0,1.5,2.0,1.0,1.2,1,35.35,0,0.005,463
20,nominal,none,1.0,1.0,1.5,2.0,1.0,1.2,1,39.8,0,0.051,511
21,nominal,none,1.0,1.0,1.5,2.0,1.0,1.2,1,27.0,0,0.065,383
22,nominal,none,1.0,1.0,1.5,2.0,1.0,1.2,1,36.4,0,0.0,400
23,nominal,none,1.0,1.0,1.5,2.0,1.0,1.2,1,43.0,0,0.006,396
24,nominal,none,1.0,1.0,1.5,2.0,1.0,1.2,1,52.75,0,0.217,554
25,nominal,none,1.0,1.0,1.5,2.0,1.0,1.2,1,49.3,0,0.013,405
26,nominal,none,1.0,1.0,1.5,2.0,1.0,1.2,1,83.7,0,0.067,752
27,nominal,none,1.0,1.0,1.5,2.0,1.0,1.2,1,43.0,0,0.013,362
28,nominal,none,1.0,1.0,1.5,2.0,1.0,1.2,1,53.9,0,0.138,571
29,nominal,none,1.0,1.0,1.5,2.0,1.0,1.2,1,33.5,0,0.022,413
30,nominal,none,1.0,1.0,1.5,2.0,1.0,1.2,1,110.8,0,0.018,847
1,w_Dx0.5,w_D,0.5,0.5,1.5,2.0,1.0,1.2,1,44.2,0,0.004,528
2,w_Dx0.5,w_D,0.5,0.5,1.5,2.0,1.0,1.2,1,41.3,0,0.003,428
3,w_Dx0.5,w_D,0.5,0.5,1.5,2.0,1.0,1.2,1,37.75,0,0.001,411
4,w_Dx0.5,w_D,0.5,0.5,1.5,2.0,1.0,1.2,1,37.1,0,0.0,466
5,w_Dx0.5,w_D,0.5,0.5,1.5,2.0,1.0,1.2,1,48.35,0,0.013,470
6,w_Dx0.5,w_D,0.5,0.5,1.5,2.0,1.0,1.2,1,48.35,0,0.017,466
7,w_Dx0.5,w_D,0.5,0.5,1.5,2.0,1.0,1.2,1,36.45,0,0.012,513
8,w_Dx0.5,w_D,0.5,0.5,1.5,2.0,1.0,1.2,1,45.25,0,0.008,462
9,w_Dx0.5,w_D,0.5,0.5,1.5,2.0,1.0,1.2,1,61.75,22,0.434,562
10,w_Dx0.5,w_D,0.5,0.5,1.5,2.0,1.0,1.2,1,70.05,12,0.46,584
11,w_Dx0.5,w_D,0.5,0.5,1.5,2.0,1.0,1.2,1,46.75,0,0.011,480
12,w_Dx0.5,w_D,0.5,0.5,1.5,2.0,1.0,1.2,1,36.35,0,0.002,457
13,w_Dx0.5,w_D,0.5,0.5,1.5,2.0,1.0,1.2,1,46.25,0,0.008,404
14,w_Dx0.5,w_D,0.5,0.5,1.5,2.0,1.0,1.2,1,46.25,0,0.007,450
15,w_Dx0.5,w_D,0.5,0.5,1.5,2.0,1.0,1.2,1,45.5,0,0.01,445
16,w_Dx0.5,w_D,0.5,0.5,1.5,2.0,1.0,1.2,1,45.35,0,0.003,423
17,w_Dx0.5,w_D,0.5,0.5,1.5,2.0,1.0,1.2,1,47.8,0,0.021,445
18,w_Dx0.5,w_D,0.5,0.5,1.5,2.0,1.0,1.2,1,43.7,0,0.02,520
19,w_Dx0.5,w_D,0.5,0.5,1.5,2.0,1.0,1.2,1,50.2,0,0.002,449
20,w_Dx0.5,w_D,0.5,0.5,1.5,2.0,1.0,1.2,1,47.7,0,0.022,479
21,w_Dx0.5,w_D,0.5,0.5,1.5,2.0,1.0,1.2,0,180.0,42,0.843,1449
22,w_Dx0.5,w_D,0.5,0.5,1.5,2.0,1.0,1.2,1,37.05,0,0.0,438
23,w_Dx0.5,w_D,0.5,0.5,1.5,2.0,1.0,1.2,1,39.75,0,0.019,489
24,w_Dx0.5,w_D,0.5,0.5,1.5,2.0,1.0,1.2,1,67.45,0,0.008,517
25,w_Dx0.5,w_D,0.5,0.5,1.5,2.0,1.0,1.2,1,46.6,0,0.011,449
26,w_Dx0.5,w_D,0.5,0.5,1.5,2.0,1.0,1.2,1,83.75,80,0.55,806
27,w_Dx0.5,w_D,0.5,0.5,1.5,2.0,1.0,1.2,1,46.6,0,0.025,449
28,w_Dx0.5,w_D,0.5,0.5,1.5,2.0,1.0,1.2,1,68.7,0,0.207,706
29,w_Dx0.5,w_D,0.5,0.5,1.5,2.0,1.0,1.2,1,37.75,0,0.027,414
30,w_Dx0.5,w_D,0.5,0.5,1.5,2.0,1.0,1.2,1,46.65,0,0.011,444
1,w_Dx0.75,w_D,0.75,0.75,1.5,2.0,1.0,1.2,1,42.1,0,0.001,404
2,w_Dx0.75,w_D,0.75,0.75,1.5,2.0,1.0,1.2,1,37.75,0,0.002,411
3,w_Dx0.75,w_D,0.75,0.75,1.5,2.0,1.0,1.2,1,37.75,0,0.001,398
4,w_Dx0.75,w_D,0.75,0.75,1.5,2.0,1.0,1.2,1,37.1,0,0.0,428
5,w_Dx0.75,w_D,0.75,0.75,1.5,2.0,1.0,1.2,1,36.9,0,0.015,432
6,w_Dx0.75,w_D,0.75,0.75,1.5,2.0,1.0,1.2,1,37.0,0,0.103,425
7,w_Dx0.75,w_D,0.75,0.75,1.5,2.0,1.0,1.2,1,39.55,0,0.003,447
8,w_Dx0.75,w_D,0.75,0.75,1.5,2.0,1.0,1.2,1,36.2,0,0.009,420
9,w_Dx0.75,w_D,0.75,0.75,1.5,2.0,1.0,1.2,1,67.45,0,0.311,516
10,w_Dx0.75,w_D,0.75,0.75,1.5,2.0,1.0,1.2,1,65.2,12,0.463,587
11,w_Dx0.75,w_D,0.75,0.75,1.5,2.0,1.0,1.2,1,41.9,0,0.006,396
12,w_Dx0.75,w_D,0.75,0.75,1.5,2.0,1.0,1.2,1,38.0,0,0.011,523
13,w_Dx0.75,w_D,0.75,0.75,1.5,2.0,1.0,1.2,1,34.4,0,0.004,389
14,w_Dx0.75,w_D,0.75,0.75,1.5,2.0,1.0,1.2,1,41.15,0,0.005,410
15,w_Dx0.75,w_D,0.75,0.75,1.5,2.0,1.0,1.2,1,40.4,0,0.01,415
16,w_Dx0.75,w_D,0.75,0.75,1.5,2.0,1.0,1.2,1,39.05,0,0.003,410
17,w_Dx0.75,w_D,0.75,0.75,1.5,2.0,1.0,1.2,1,40.6,0,0.007,400
18,w_Dx0.75,w_D,0.75,0.75,1.5,2.0,1.0,1.2,1,42.45,0,0.015,485
19,w_Dx0.75,w_D,0.75,0.75,1.5,2.0,1.0,1.2,1,44.6,0,0.001,431
20,w_Dx0.75,w_D,0.75,0.75,1.5,2.0,1.0,1.2,1,42.2,0,0.032,547
21,w_Dx0.75,w_D,0.75,0.75,1.5,2.0,1.0,1.2,1,32.35,0,0.066,477
22,w_Dx0.75,w_D,0.75,0.75,1.5,2.0,1.0,1.2,1,36.65,0,0.0,424
23,w_Dx0.75,w_D,0.75,0.75,1.5,2.0,1.0,1.2,1,34.55,0,0.006,395
24,w_Dx0.75,w_D,0.75,0.75,1.5,2.0,1.0,1.2,1,37.3,0,0.005,414
25,w_Dx0.75,w_D,0.75,0.75,1.5,2.0,1.0,1.2,1,43.65,0,0.01,433
26,w_Dx0.75,w_D,0.75,0.75,1.5,2.0,1.0,1.2,1,45.7,0,0.072,577
27,w_Dx0.75,w_D,0.75,0.75,1.5,2.0,1.0,1.2,1,34.35,0,0.013,416
28,w_Dx0.75,w_D,0.75,0.75,1.5,2.0,1.0,1.2,1,42.55,0,0.037,399
29,w_Dx0.75,w_D,0.75,0.75,1.5,2.0,1.0,1.2,1,38.05,0,0.029,444
30,w_Dx0.75,w_D,0.75,0.75,1.5,2.0,1.0,1.2,1,41.55,0,0.012,413
1,w_Dx1.25,w_D,1.25,1.25,1.5,2.0,1.0,1.2,1,53.05,0,0.146,570
2,w_Dx1.25,w_D,1.25,1.25,1.5,2.0,1.0,1.2,1,32.95,0,0.01,405
3,w_Dx1.25,w_D,1.25,1.25,1.5,2.0,1.0,1.2,1,36.4,0,0.0,361
4,w_Dx1.25,w_D,1.25,1.25,1.5,2.0,1.0,1.2,1,60.7,0,0.001,569
5,w_Dx1.25,w_D,1.25,1.25,1.5,2.0,1.0,1.2,1,43.9,0,0.033,527
6,w_Dx1.25,w_D,1.25,1.25,1.5,2.0,1.0,1.2,1,44.05,0,0.019,491
7,w_Dx1.25,w_D,1.25,1.25,1.5,2.0,1.0,1.2,1,42.2,0,0.002,341
8,w_Dx1.25,w_D,1.25,1.25,1.5,2.0,1.0,1.2,1,52.45,0,0.023,518
9,w_Dx1.25,w_D,1.25,1.25,1.5,2.0,1.0,1.2,1,57.85,0,0.187,621
10,w_Dx1.25,w_D,1.25,1.25,1.5,2.0,1.0,1.2,1,27.65,0,0.037,373
11,w_Dx1.25,w_D,1.25,1.25,1.5,2.0,1.0,1.2,1,48.7,0,0.028,500
12,w_Dx1.25,w_D,1.25,1.25,1.5,2.0,1.0,1.2,1,26.05,0,0.001,395
13,w_Dx1.25,w_D,1.25,1.25,1.5,2.0,1.0,1.2,1,42.2,0,0.0,321
14,w_Dx1.25,w_D,1.25,1.25,1.5,2.0,1.0,1.2,1,53.1,0,0.006,378
15,w_Dx1.25,w_D,1.25,1.25,1.5,2.0,1.0,1.2,1,34.45,0,0.026,429
16,w_Dx1.25,w_D,1.25,1.25,1.5,2.0,1.0,1.2,1,44.85,0,0.003,407
17,w_Dx1.25,w_D,1.25,1.25,1.5,2.0,1.0,1.2,1,37.45,0,0.019,439
18,w_Dx1.25,w_D,1.25,1.25,1.5,2.0,1.0,1.2,1,36.85,0,0.026,440
19,w_Dx1.25,w_D,1.25,1.25,1.5,2.0,1.0,1.2,1,60.2,0,0.012,581
20,w_Dx1.25,w_D,1.25,1.25,1.5,2.0,1.0,1.2,1,71.1,0,0.058,517
21,w_Dx1.25,w_D,1.25,1.25,1.5,2.0,1.0,1.2,1,22.0,0,0.065,355
22,w_Dx1.25,w_D,1.25,1.25,1.5,2.0,1.0,1.2,1,42.1,0,0.0,378
23,w_Dx1.25,w_D,1.25,1.25,1.5,2.0,1.0,1.2,1,43.0,0,0.006,397
24,w_Dx1.25,w_D,1.25,1.25,1.5,2.0,1.0,1.2,1,34.55,0,0.024,473
25,w_Dx1.25,w_D,1.25,1.25,1.5,2.0,1.0,1.2,1,49.3,0,0.013,403
26,w_Dx1.25,w_D,1.25,1.25,1.5,2.0,1.0,1.2,1,67.5,0,0.067,660
27,w_Dx1.25,w_D,1.25,1.25,1.5,2.0,1.0,1.2,1,37.3,0,0.019,465
28,w_Dx1.25,w_D,1.25,1.25,1.5,2.0,1.0,1.2,1,54.05,6,0.439,558
29,w_Dx1.25,w_D,1.25,1.25,1.5,2.0,1.0,1.2,1,28.1,0,0.025,377
30,w_Dx1.25,w_D,1.25,1.25,1.5,2.0,1.0,1.2,1,94.5,398,2.218,848
1,w_Dx1.5,w_D,1.5,1.5,1.5,2.0,1.0,1.2,1,56.75,0,0.101,627
2,w_Dx1.5,w_D,1.5,1.5,1.5,2.0,1.0,1.2,1,30.75,0,0.017,397
3,w_Dx1.5,w_D,1.5,1.5,1.5,2.0,1.0,1.2,1,36.4,0,0.0,361
4,w_Dx1.5,w_D,1.5,1.5,1.5,2.0,1.0,1.2,1,86.1,0,0.159,742
5,w_Dx1.5,w_D,1.5,1.5,1.5,2.0,1.0,1.2,1,42.9,0,0.031,530
6,w_Dx1.5,w_D,1.5,1.5,1.5,2.0,1.0,1.2,1,44.5,0,0.022,508
7,w_Dx1.5,w_D,1.5,1.5,1.5,2.0,1.0,1.2,1,42.2,0,0.002,341
8,w_Dx1.5,w_D,1.5,1.5,1.5,2.0,1.0,1.2,1,47.85,0,0.023,525
9,w_Dx1.5,w_D,1.5,1.5,1.5,2.0,1.0,1.2,1,29.6,0,0.221,432
10,w_Dx1.5,w_D,1.5,1.5,1.5,2.0,1.0,1.2,1,24.85,0,0.038,360
11,w_Dx1.5,w_D,1.5,1.5,1.5,2.0,1.0,1.2,1,44.4,0,0.028,484
12,w_Dx1.5,w_D,1.5,1.5,1.5,2.0,1.0,1.2,1,26.0,0,0.0,392
13,w_Dx1.5,w_D,1.5,1.5,1.5,2.0,1.0,1.2,1,36.45,0,0.012,423
14,w_Dx1.5,w_D,1.5,1.5,1.5,2.0,1.0,1.2,1,52.75,0,0.006,371
15,w_Dx1.5,w_D,1.5,1.5,1.5,2.0,1.0,1.2,1,33.9,0,0.031,432
16,w_Dx1.5,w_D,1.5,1.5,1.5,2.0,1.0,1.2,1,46.15,0,0.034,490
17,w_Dx1.5,w_D,1.5,1.5,1.5,2.0,1.0,1.2,1,36.65,0,0.021,439
18,w_Dx1.5,w_D,1.5,1.5,1.5,2.0,1.0,1.2,1,37.2,0,0.029,441
19,w_Dx1.5,w_D,1.5,1.5,1.5,2.0,1.0,1.2,1,53.0,0,0.011,516
20,w_Dx1.5,w_D,1.5,1.5,1.5,2.0,1.0,1.2,1,36.7,0,0.08,522
21,w_Dx1.5,w_D,1.5,1.5,1.5,2.0,1.0,1.2,1,21.55,0,0.065,357
22,w_Dx1.5,w_D,1.5,1.5,1.5,2.0,1.0,1.2,1,43.7,0,0.0,391
23,w_Dx1.5,w_D,1.5,1.5,1.5,2.0,1.0,1.2,1,39.5,0,0.018,479
24,w_Dx1.5,w_D,1.5,1.5,1.5,2.0,1.0,1.2,1,32.65,0,0.03,458
25,w_Dx1.5,w_D,1.5,1.5,1.5,2.0,1.0,1.2,1,42.65,0,0.026,533
26,w_Dx1.5,w_D,1.5,1.5,1.5,2.0,1.0,1.2,1,50.3,0,0.06,541
27,w_Dx1.5,w_D,1.5,1.5,1.5,2.0,1.0,1.2,1,34.9,0,0.016,452
28,w_Dx1.5,w_D,1.5,1.5,1.5,2.0,1.0,1.2,1,38.9,0,0.139,453
29,w_Dx1.5,w_D,1.5,1.5,1.5,2.0,1.0,1.2,1,26.0,0,0.025,357
30,w_Dx1.5,w_D,1.5,1.5,1.5,2.0,1.0,1.2,1,45.95,0,0.018,504
1,w_Mx0.5,w_M,0.5,1.0,0.75,2.0,1.0,1.2,1,36.5,0,0.003,475
2,w_Mx0.5,w_M,0.5,1.0,0.75,2.0,1.0,1.2,1,37.75,0,0.001,377
3,w_Mx0.5,w_M,0.5,1.0,0.75,2.0,1.0,1.2,1,37.75,0,0.001,386
4,w_Mx0.5,w_M,0.5,1.0,0.75,2.0,1.0,1.2,1,36.95,0,0.0,426
5,w_Mx0.5,w_M,0.5,1.0,0.75,2.0,1.0,1.2,1,45.3,0,0.008,458
6,w_Mx0.5,w_M,0.5,1.0,0.75,2.0,1.0,1.2,1,44.25,0,0.022,517
7,w_Mx0.5,w_M,0.5,1.0,0.75,2.0,1.0,1.2,1,42.2,0,0.003,367
8,w_Mx0.5,w_M,0.5,1.0,0.75,2.0,1.0,1.2,1,43.25,0,0.009,424
9,w_Mx0.5,w_M,0.5,1.0,0.75,2.0,1.0,1.2,1,55.85,0,0.05,555
10,w_Mx0.5,w_M,0.5,1.0,0.75,2.0,1.0,1.2,1,58.55,0,0.008,409
11,w_Mx0.5,w_M,0.5,1.0,0.75,2.0,1.0,1.2,1,59.2,0,0.009,456
12,w_Mx0.5,w_M,0.5,1.0,0.75,2.0,1.0,1.2,1,33.45,0,0.012,423
13,w_Mx0.5,w_M,0.5,1.0,0.75,2.0,1.0,1.2,1,34.75,0,0.014,415
14,w_Mx0.5,w_M,0.5,1.0,0.75,2.0,1.0,1.2,1,52.95,0,0.004,414
15,w_Mx0.5,w_M,0.5,1.0,0.75,2.0,1.0,1.2,1,35.45,0,0.023,472
16,w_Mx0.5,w_M,0.5,1.0,0.75,2.0,1.0,1.2,1,45.2,0,0.003,404
17,w_Mx0.5,w_M,0.5,1.0,0.75,2.0,1.0,1.2,1,39.85,0,0.012,473
18,w_Mx0.5,w_M,0.5,1.0,0.75,2.0,1.0,1.2,1,36.85,0,0.024,472
19,w_Mx0.5,w_M,0.5,1.0,0.75,2.0,1.0,1.2,1,35.35,0,0.005,463
20,w_Mx0.5,w_M,0.5,1.0,0.75,2.0,1.0,1.2,1,39.8,0,0.051,511
21,w_Mx0.5,w_M,0.5,1.0,0.75,2.0,1.0,1.2,1,27.0,0,0.065,383
22,w_Mx0.5,w_M,0.5,1.0,0.75,2.0,1.0,1.2,1,36.4,0,0.0,400
23,w_Mx0.5,w_M,0.5,1.0,0.75,2.0,1.0,1.2,1,43.0,0,0.006,396
24,w_Mx0.5,w_M,0.5,1.0,0.75,2.0,1.0,1.2,1,52.75,0,0.217,554
25,w_Mx0.5,w_M,0.5,1.0,0.75,2.0,1.0,1.2,1,49.3,0,0.013,405
26,w_Mx0.5,w_M,0.5,1.0,0.75,2.0,1.0,1.2,1,83.7,0,0.067,752
27,w_Mx0.5,w_M,0.5,1.0,0.75,2.0,1.0,1.2,1,43.0,0,0.013,362
28,w_Mx0.5,w_M,0.5,1.0,0.75,2.0,1.0,1.2,1,53.9,0,0.138,571
29,w_Mx0.5,w_M,0.5,1.0,0.75,2.0,1.0,1.2,1,33.5,0,0.022,413
30,w_Mx0.5,w_M,0.5,1.0,0.75,2.0,1.0,1.2,1,110.8,0,0.018,847
1,w_Mx0.75,w_M,0.75,1.0,1.125,2.0,1.0,1.2,1,36.5,0,0.003,475
2,w_Mx0.75,w_M,0.75,1.0,1.125,2.0,1.0,1.2,1,37.75,0,0.001,377
3,w_Mx0.75,w_M,0.75,1.0,1.125,2.0,1.0,1.2,1,37.75,0,0.001,386
4,w_Mx0.75,w_M,0.75,1.0,1.125,2.0,1.0,1.2,1,36.95,0,0.0,426
5,w_Mx0.75,w_M,0.75,1.0,1.125,2.0,1.0,1.2,1,45.3,0,0.008,458
6,w_Mx0.75,w_M,0.75,1.0,1.125,2.0,1.0,1.2,1,44.25,0,0.022,517
7,w_Mx0.75,w_M,0.75,1.0,1.125,2.0,1.0,1.2,1,42.2,0,0.003,367
8,w_Mx0.75,w_M,0.75,1.0,1.125,2.0,1.0,1.2,1,43.25,0,0.009,424
9,w_Mx0.75,w_M,0.75,1.0,1.125,2.0,1.0,1.2,1,55.85,0,0.05,555
10,w_Mx0.75,w_M,0.75,1.0,1.125,2.0,1.0,1.2,1,58.55,0,0.008,409
11,w_Mx0.75,w_M,0.75,1.0,1.125,2.0,1.0,1.2,1,59.2,0,0.009,456
12,w_Mx0.75,w_M,0.75,1.0,1.125,2.0,1.0,1.2,1,33.45,0,0.012,423
13,w_Mx0.75,w_M,0.75,1.0,1.125,2.0,1.0,1.2,1,34.75,0,0.014,415
14,w_Mx0.75,w_M,0.75,1.0,1.125,2.0,1.0,1.2,1,52.95,0,0.004,414
15,w_Mx0.75,w_M,0.75,1.0,1.125,2.0,1.0,1.2,1,35.45,0,0.023,472
16,w_Mx0.75,w_M,0.75,1.0,1.125,2.0,1.0,1.2,1,45.2,0,0.003,404
17,w_Mx0.75,w_M,0.75,1.0,1.125,2.0,1.0,1.2,1,39.85,0,0.012,473
18,w_Mx0.75,w_M,0.75,1.0,1.125,2.0,1.0,1.2,1,36.85,0,0.024,472
19,w_Mx0.75,w_M,0.75,1.0,1.125,2.0,1.0,1.2,1,35.35,0,0.005,463
20,w_Mx0.75,w_M,0.75,1.0,1.125,2.0,1.0,1.2,1,39.8,0,0.051,511
21,w_Mx0.75,w_M,0.75,1.0,1.125,2.0,1.0,1.2,1,27.0,0,0.065,383
22,w_Mx0.75,w_M,0.75,1.0,1.125,2.0,1.0,1.2,1,36.4,0,0.0,400
23,w_Mx0.75,w_M,0.75,1.0,1.125,2.0,1.0,1.2,1,43.0,0,0.006,396
24,w_Mx0.75,w_M,0.75,1.0,1.125,2.0,1.0,1.2,1,52.75,0,0.217,554
25,w_Mx0.75,w_M,0.75,1.0,1.125,2.0,1.0,1.2,1,49.3,0,0.013,405
26,w_Mx0.75,w_M,0.75,1.0,1.125,2.0,1.0,1.2,1,83.7,0,0.067,752
27,w_Mx0.75,w_M,0.75,1.0,1.125,2.0,1.0,1.2,1,43.0,0,0.013,362
28,w_Mx0.75,w_M,0.75,1.0,1.125,2.0,1.0,1.2,1,53.9,0,0.138,571
29,w_Mx0.75,w_M,0.75,1.0,1.125,2.0,1.0,1.2,1,33.5,0,0.022,413
30,w_Mx0.75,w_M,0.75,1.0,1.125,2.0,1.0,1.2,1,110.8,0,0.018,847
1,w_Mx1.25,w_M,1.25,1.0,1.875,2.0,1.0,1.2,1,36.5,0,0.003,475
2,w_Mx1.25,w_M,1.25,1.0,1.875,2.0,1.0,1.2,1,37.75,0,0.001,377
3,w_Mx1.25,w_M,1.25,1.0,1.875,2.0,1.0,1.2,1,37.75,0,0.001,386
4,w_Mx1.25,w_M,1.25,1.0,1.875,2.0,1.0,1.2,1,36.95,0,0.0,426
5,w_Mx1.25,w_M,1.25,1.0,1.875,2.0,1.0,1.2,1,45.3,0,0.008,458
6,w_Mx1.25,w_M,1.25,1.0,1.875,2.0,1.0,1.2,1,44.25,0,0.022,517
7,w_Mx1.25,w_M,1.25,1.0,1.875,2.0,1.0,1.2,1,42.2,0,0.003,367
8,w_Mx1.25,w_M,1.25,1.0,1.875,2.0,1.0,1.2,1,43.25,0,0.009,424
9,w_Mx1.25,w_M,1.25,1.0,1.875,2.0,1.0,1.2,1,55.85,0,0.05,555
10,w_Mx1.25,w_M,1.25,1.0,1.875,2.0,1.0,1.2,1,58.55,0,0.008,409
11,w_Mx1.25,w_M,1.25,1.0,1.875,2.0,1.0,1.2,1,59.2,0,0.009,456
12,w_Mx1.25,w_M,1.25,1.0,1.875,2.0,1.0,1.2,1,33.45,0,0.012,423
13,w_Mx1.25,w_M,1.25,1.0,1.875,2.0,1.0,1.2,1,34.75,0,0.014,415
14,w_Mx1.25,w_M,1.25,1.0,1.875,2.0,1.0,1.2,1,52.95,0,0.004,414
15,w_Mx1.25,w_M,1.25,1.0,1.875,2.0,1.0,1.2,1,35.45,0,0.023,472
16,w_Mx1.25,w_M,1.25,1.0,1.875,2.0,1.0,1.2,1,45.2,0,0.003,404
17,w_Mx1.25,w_M,1.25,1.0,1.875,2.0,1.0,1.2,1,39.85,0,0.012,473
18,w_Mx1.25,w_M,1.25,1.0,1.875,2.0,1.0,1.2,1,36.85,0,0.024,472
19,w_Mx1.25,w_M,1.25,1.0,1.875,2.0,1.0,1.2,1,35.35,0,0.005,463
20,w_Mx1.25,w_M,1.25,1.0,1.875,2.0,1.0,1.2,1,39.8,0,0.051,511
21,w_Mx1.25,w_M,1.25,1.0,1.875,2.0,1.0,1.2,1,27.0,0,0.065,383
22,w_Mx1.25,w_M,1.25,1.0,1.875,2.0,1.0,1.2,1,36.4,0,0.0,400
23,w_Mx1.25,w_M,1.25,1.0,1.875,2.0,1.0,1.2,1,43.0,0,0.006,396
24,w_Mx1.25,w_M,1.25,1.0,1.875,2.0,1.0,1.2,1,52.75,0,0.217,554
25,w_Mx1.25,w_M,1.25,1.0,1.875,2.0,1.0,1.2,1,49.3,0,0.013,405
26,w_Mx1.25,w_M,1.25,1.0,1.875,2.0,1.0,1.2,1,83.7,0,0.067,752
27,w_Mx1.25,w_M,1.25,1.0,1.875,2.0,1.0,1.2,1,43.0,0,0.013,362
28,w_Mx1.25,w_M,1.25,1.0,1.875,2.0,1.0,1.2,1,53.9,0,0.138,571
29,w_Mx1.25,w_M,1.25,1.0,1.875,2.0,1.0,1.2,1,33.5,0,0.022,413
30,w_Mx1.25,w_M,1.25,1.0,1.875,2.0,1.0,1.2,1,110.8,0,0.018,847
1,w_Mx1.5,w_M,1.5,1.0,2.25,2.0,1.0,1.2,1,36.5,0,0.003,475
2,w_Mx1.5,w_M,1.5,1.0,2.25,2.0,1.0,1.2,1,37.75,0,0.001,377
3,w_Mx1.5,w_M,1.5,1.0,2.25,2.0,1.0,1.2,1,37.75,0,0.001,386
4,w_Mx1.5,w_M,1.5,1.0,2.25,2.0,1.0,1.2,1,36.95,0,0.0,426
5,w_Mx1.5,w_M,1.5,1.0,2.25,2.0,1.0,1.2,1,45.3,0,0.008,458
6,w_Mx1.5,w_M,1.5,1.0,2.25,2.0,1.0,1.2,1,44.25,0,0.022,517
7,w_Mx1.5,w_M,1.5,1.0,2.25,2.0,1.0,1.2,1,42.2,0,0.003,367
8,w_Mx1.5,w_M,1.5,1.0,2.25,2.0,1.0,1.2,1,43.25,0,0.009,424
9,w_Mx1.5,w_M,1.5,1.0,2.25,2.0,1.0,1.2,1,55.85,0,0.05,555
10,w_Mx1.5,w_M,1.5,1.0,2.25,2.0,1.0,1.2,1,58.55,0,0.008,409
11,w_Mx1.5,w_M,1.5,1.0,2.25,2.0,1.0,1.2,1,59.2,0,0.009,456
12,w_Mx1.5,w_M,1.5,1.0,2.25,2.0,1.0,1.2,1,33.45,0,0.012,423
13,w_Mx1.5,w_M,1.5,1.0,2.25,2.0,1.0,1.2,1,34.75,0,0.014,415
14,w_Mx1.5,w_M,1.5,1.0,2.25,2.0,1.0,1.2,1,52.95,0,0.004,414
15,w_Mx1.5,w_M,1.5,1.0,2.25,2.0,1.0,1.2,1,35.45,0,0.023,472
16,w_Mx1.5,w_M,1.5,1.0,2.25,2.0,1.0,1.2,1,45.2,0,0.003,404
17,w_Mx1.5,w_M,1.5,1.0,2.25,2.0,1.0,1.2,1,39.85,0,0.012,473
18,w_Mx1.5,w_M,1.5,1.0,2.25,2.0,1.0,1.2,1,36.85,0,0.024,472
19,w_Mx1.5,w_M,1.5,1.0,2.25,2.0,1.0,1.2,1,35.35,0,0.005,463
20,w_Mx1.5,w_M,1.5,1.0,2.25,2.0,1.0,1.2,1,39.8,0,0.051,511
21,w_Mx1.5,w_M,1.5,1.0,2.25,2.0,1.0,1.2,1,27.0,0,0.065,383
22,w_Mx1.5,w_M,1.5,1.0,2.25,2.0,1.0,1.2,1,36.4,0,0.0,400
23,w_Mx1.5,w_M,1.5,1.0,2.25,2.0,1.0,1.2,1,43.0,0,0.006,396
24,w_Mx1.5,w_M,1.5,1.0,2.25,2.0,1.0,1.2,1,52.75,0,0.217,554
25,w_Mx1.5,w_M,1.5,1.0,2.25,2.0,1.0,1.2,1,49.3,0,0.013,405
26,w_Mx1.5,w_M,1.5,1.0,2.25,2.0,1.0,1.2,1,83.7,0,0.067,752
27,w_Mx1.5,w_M,1.5,1.0,2.25,2.0,1.0,1.2,1,43.0,0,0.013,362
28,w_Mx1.5,w_M,1.5,1.0,2.25,2.0,1.0,1.2,1,53.9,0,0.138,571
29,w_Mx1.5,w_M,1.5,1.0,2.25,2.0,1.0,1.2,1,33.5,0,0.022,413
30,w_Mx1.5,w_M,1.5,1.0,2.25,2.0,1.0,1.2,1,110.8,0,0.018,847
1,w_Hx0.5,w_H,0.5,1.0,1.5,1.0,1.0,1.2,1,54.35,0,0.053,613
2,w_Hx0.5,w_H,0.5,1.0,1.5,1.0,1.0,1.2,1,28.05,0,0.035,433
3,w_Hx0.5,w_H,0.5,1.0,1.5,1.0,1.0,1.2,1,38.05,0,0.002,389
4,w_Hx0.5,w_H,0.5,1.0,1.5,1.0,1.0,1.2,1,50.9,0,0.013,532
5,w_Hx0.5,w_H,0.5,1.0,1.5,1.0,1.0,1.2,1,47.2,0,0.191,576
6,w_Hx0.5,w_H,0.5,1.0,1.5,1.0,1.0,1.2,1,31.85,0,0.021,466
7,w_Hx0.5,w_H,0.5,1.0,1.5,1.0,1.0,1.2,1,41.15,0,0.015,521
8,w_Hx0.5,w_H,0.5,1.0,1.5,1.0,1.0,1.2,1,44.9,0,0.021,536
9,w_Hx0.5,w_H,0.5,1.0,1.5,1.0,1.0,1.2,1,25.5,0,0.039,405
10,w_Hx0.5,w_H,0.5,1.0,1.5,1.0,1.0,1.2,1,24.0,0,0.039,387
11,w_Hx0.5,w_H,0.5,1.0,1.5,1.0,1.0,1.2,1,43.8,0,0.025,486
12,w_Hx0.5,w_H,0.5,1.0,1.5,1.0,1.0,1.2,1,27.25,0,0.003,410
13,w_Hx0.5,w_H,0.5,1.0,1.5,1.0,1.0,1.2,1,21.7,0,0.032,349
14,w_Hx0.5,w_H,0.5,1.0,1.5,1.0,1.0,1.2,1,54.7,0,0.006,561
15,w_Hx0.5,w_H,0.5,1.0,1.5,1.0,1.0,1.2,1,37.4,0,0.092,494
16,w_Hx0.5,w_H,0.5,1.0,1.5,1.0,1.0,1.2,1,38.85,0,0.04,470
17,w_Hx0.5,w_H,0.5,1.0,1.5,1.0,1.0,1.2,1,37.3,0,0.039,472
18,w_Hx0.5,w_H,0.5,1.0,1.5,1.0,1.0,1.2,1,36.75,0,0.03,470
19,w_Hx0.5,w_H,0.5,1.0,1.5,1.0,1.0,1.2,1,44.2,0,0.018,504
20,w_Hx0.5,w_H,0.5,1.0,1.5,1.0,1.0,1.2,1,22.95,0,0.164,421
21,w_Hx0.5,w_H,0.5,1.0,1.5,1.0,1.0,1.2,1,21.15,0,0.065,361
22,w_Hx0.5,w_H,0.5,1.0,1.5,1.0,1.0,1.2,1,64.5,47,0.475,554
23,w_Hx0.5,w_H,0.5,1.0,1.5,1.0,1.0,1.2,1,40.1,0,0.023,492
24,w_Hx0.5,w_H,0.5,1.0,1.5,1.0,1.0,1.2,1,32.65,0,0.031,465
25,w_Hx0.5,w_H,0.5,1.0,1.5,1.0,1.0,1.2,1,40.2,0,0.037,527
26,w_Hx0.5,w_H,0.5,1.0,1.5,1.0,1.0,1.2,1,38.85,0,0.036,475
27,w_Hx0.5,w_H,0.5,1.0,1.5,1.0,1.0,1.2,1,33.5,0,0.035,485
28,w_Hx0.5,w_H,0.5,1.0,1.5,1.0,1.0,1.2,1,28.8,0,0.223,414
29,w_Hx0.5,w_H,0.5,1.0,1.5,1.0,1.0,1.2,1,27.25,0,0.026,385
30,w_Hx0.5,w_H,0.5,1.0,1.5,1.0,1.0,1.2,1,47.6,0,0.013,519
1,w_Hx0.75,w_H,0.75,1.0,1.5,1.5,1.0,1.2,1,33.7,0,0.004,479
2,w_Hx0.75,w_H,0.75,1.0,1.5,1.5,1.0,1.2,1,34.25,0,0.012,489
3,w_Hx0.75,w_H,0.75,1.0,1.5,1.5,1.0,1.2,1,37.75,0,0.001,386
4,w_Hx0.75,w_H,0.75,1.0,1.5,1.5,1.0,1.2,1,73.6,0,0.012,694
5,w_Hx0.75,w_H,0.75,1.0,1.5,1.5,1.0,1.2,1,43.05,0,0.035,554
6,w_Hx0.75,w_H,0.75,1.0,1.5,1.5,1.0,1.2,1,52.15,0,0.023,563
7,w_Hx0.75,w_H,0.75,1.0,1.5,1.5,1.0,1.2,1,42.2,0,0.003,367
8,w_Hx0.75,w_H,0.75,1.0,1.5,1.5,1.0,1.2,1,43.35,0,0.009,433
9,w_Hx0.75,w_H,0.75,1.0,1.5,1.5,1.0,1.2,1,52.55,0,0.106,575
10,w_Hx0.75,w_H,0.75,1.0,1.5,1.5,1.0,1.2,1,26.25,0,0.035,394
11,w_Hx0.75,w_H,0.75,1.0,1.5,1.5,1.0,1.2,1,46.3,0,0.044,503
12,w_Hx0.75,w_H,0.75,1.0,1.5,1.5,1.0,1.2,1,26.05,0,0.001,402
13,w_Hx0.75,w_H,0.75,1.0,1.5,1.5,1.0,1.2,1,34.8,0,0.013,428
14,w_Hx0.75,w_H,0.75,1.0,1.5,1.5,1.0,1.2,1,52.85,0,0.006,410
15,w_Hx0.75,w_H,0.75,1.0,1.5,1.5,1.0,1.2,1,33.85,0,0.03,468
16,w_Hx0.75,w_H,0.75,1.0,1.5,1.5,1.0,1.2,1,48.0,0,0.073,501
17,w_Hx0.75,w_H,0.75,1.0,1.5,1.5,1.0,1.2,1,37.05,0,0.022,462
18,w_Hx0.75,w_H,0.75,1.0,1.5,1.5,1.0,1.2,1,40.1,0,0.039,492
19,w_Hx0.75,w_H,0.75,1.0,1.5,1.5,1.0,1.2,1,54.65,0,0.014,551
20,w_Hx0.75,w_H,0.75,1.0,1.5,1.5,1.0,1.2,1,48.2,0,0.1,613
21,w_Hx0.75,w_H,0.75,1.0,1.5,1.5,1.0,1.2,1,21.3,0,0.065,365
22,w_Hx0.75,w_H,0.75,1.0,1.5,1.5,1.0,1.2,1,42.6,0,0.0,428
23,w_Hx0.75,w_H,0.75,1.0,1.5,1.5,1.0,1.2,1,43.0,0,0.006,396
24,w_Hx0.75,w_H,0.75,1.0,1.5,1.5,1.0,1.2,1,33.5,0,0.025,472
25,w_Hx0.75,w_H,0.75,1.0,1.5,1.5,1.0,1.2,1,49.3,0,0.013,405
26,w_Hx0.75,w_H,0.75,1.0,1.5,1.5,1.0,1.2,1,52.75,0,0.098,598
27,w_Hx0.75,w_H,0.75,1.0,1.5,1.5,1.0,1.2,1,37.3,0,0.02,478
28,w_Hx0.75,w_H,0.75,1.0,1.5,1.5,1.0,1.2,1,53.75,0,0.311,575
29,w_Hx0.75,w_H,0.75,1.0,1.5,1.5,1.0,1.2,1,26.05,0,0.025,370
30,w_Hx0.75,w_H,0.75,1.0,1.5,1.5,1.0,1.2,1,96.95,429,2.36,863
1,w_Hx1.25,w_H,1.25,1.0,1.5,2.5,1.0,1.2,1,41.3,0,0.009,491
2,w_Hx1.25,w_H,1.25,1.0,1.5,2.5,1.0,1.2,1,37.75,0,0.001,377
3,w_Hx1.25,w_H,1.25,1.0,1.5,2.5,1.0,1.2,1,37.75,0,0.001,386
4,w_Hx1.25,w_H,1.25,1.0,1.5,2.5,1.0,1.2,1,36.95,0,0.0,426
5,w_Hx1.25,w_H,1.25,1.0,1.5,2.5,1.0,1.2,1,45.3,0,0.008,458
6,w_Hx1.25,w_H,1.25,1.0,1.5,2.5,1.0,1.2,1,45.3,0,0.018,428
7,w_Hx1.25,w_H,1.25,1.0,1.5,2.5,1.0,1.2,1,46.0,0,0.003,383
8,w_Hx1.25,w_H,1.25,1.0,1.5,2.5,1.0,1.2,1,43.25,0,0.009,424
9,w_Hx1.25,w_H,1.25,1.0,1.5,2.5,1.0,1.2,1,67.65,0,0.172,552
10,w_Hx1.25,w_H,1.25,1.0,1.5,2.5,1.0,1.2,1,63.3,12,0.815,551
11,w_Hx1.25,w_H,1.25,1.0,1.5,2.5,1.0,1.2,1,45.95,0,0.043,491
12,w_Hx1.25,w_H,1.25,1.0,1.5,2.5,1.0,1.2,1,38.0,0,0.009,468
13,w_Hx1.25,w_H,1.25,1.0,1.5,2.5,1.0,1.2,1,41.45,0,0.0,314
14,w_Hx1.25,w_H,1.25,1.0,1.5,2.5,1.0,1.2,1,67.6,0,0.004,486
15,w_Hx1.25,w_H,1.25,1.0,1.5,2.5,1.0,1.2,1,48.7,0,0.024,540
16,w_Hx1.25,w_H,1.25,1.0,1.5,2.5,1.0,1.2,1,46.7,0,0.003,391
17,w_Hx1.25,w_H,1.25,1.0,1.5,2.5,1.0,1.2,1,42.15,0,0.009,495
18,w_Hx1.25,w_H,1.25,1.0,1.5,2.5,1.0,1.2,1,40.85,0,0.017,492
19,w_Hx1.25,w_H,1.25,1.0,1.5,2.5,1.0,1.2,1,37.85,0,0.005,466
20,w_Hx1.25,w_H,1.25,1.0,1.5,2.5,1.0,1.2,1,43.75,0,0.045,570
21,w_Hx1.25,w_H,1.25,1.0,1.5,2.5,1.0,1.2,1,28.05,0,0.061,401
22,w_Hx1.25,w_H,1.25,1.0,1.5,2.5,1.0,1.2,1,36.4,0,0.0,400
23,w_Hx1.25,w_H,1.25,1.0,1.5,2.5,1.0,1.2,1,43.0,0,0.006,396
24,w_Hx1.25,w_H,1.25,1.0,1.5,2.5,1.0,1.2,1,46.15,0,0.047,484
25,w_Hx1.25,w_H,1.25,1.0,1.5,2.5,1.0,1.2,1,49.3,0,0.013,405
26,w_Hx1.25,w_H,1.25,1.0,1.5,2.5,1.0,1.2,1,83.5,0,0.083,799
27,w_Hx1.25,w_H,1.25,1.0,1.5,2.5,1.0,1.2,1,42.8,0,0.012,368
28,w_Hx1.25,w_H,1.25,1.0,1.5,2.5,1.0,1.2,1,53.45,0,0.244,563
29,w_Hx1.25,w_H,1.25,1.0,1.5,2.5,1.0,1.2,1,38.05,0,0.029,432
30,w_Hx1.25,w_H,1.25,1.0,1.5,2.5,1.0,1.2,1,48.6,0,0.005,336
1,w_Hx1.5,w_H,1.5,1.0,1.5,3.0,1.0,1.2,1,42.85,0,0.005,482
2,w_Hx1.5,w_H,1.5,1.0,1.5,3.0,1.0,1.2,1,37.75,0,0.001,377
3,w_Hx1.5,w_H,1.5,1.0,1.5,3.0,1.0,1.2,1,37.75,0,0.001,386
4,w_Hx1.5,w_H,1.5,1.0,1.5,3.0,1.0,1.2,1,36.95,0,0.0,426
5,w_Hx1.5,w_H,1.5,1.0,1.5,3.0,1.0,1.2,1,45.3,0,0.007,457
6,w_Hx1.5,w_H,1.5,1.0,1.5,3.0,1.0,1.2,1,45.3,0,0.018,428
7,w_Hx1.5,w_H,1.5,1.0,1.5,3.0,1.0,1.2,1,36.05,0,0.011,480
8,w_Hx1.5,w_H,1.5,1.0,1.5,3.0,1.0,1.2,1,43.25,0,0.009,424
9,w_Hx1.5,w_H,1.5,1.0,1.5,3.0,1.0,1.2,1,62.8,19,0.431,533
10,w_Hx1.5,w_H,1.5,1.0,1.5,3.0,1.0,1.2,1,62.6,5,0.577,546
11,w_Hx1.5,w_H,1.5,1.0,1.5,3.0,1.0,1.2,1,55.8,0,0.029,541
12,w_Hx1.5,w_H,1.5,1.0,1.5,3.0,1.0,1.2,1,69.6,0,0.347,581
13,w_Hx1.5,w_H,1.5,1.0,1.5,3.0,1.0,1.2,1,41.45,0,0.0,314
14,w_Hx1.5,w_H,1.5,1.0,1.5,3.0,1.0,1.2,1,48.3,0,0.004,359
15,w_Hx1.5,w_H,1.5,1.0,1.5,3.0,1.0,1.2,1,47.45,0,0.01,371
16,w_Hx1.5,w_H,1.5,1.0,1.5,3.0,1.0,1.2,1,43.35,0,0.003,409
17,w_Hx1.5,w_H,1.5,1.0,1.5,3.0,1.0,1.2,1,43.6,0,0.01,495
18,w_Hx1.5,w_H,1.5,1.0,1.5,3.0,1.0,1.2,1,42.1,0,0.016,487
19,w_Hx1.5,w_H,1.5,1.0,1.5,3.0,1.0,1.2,1,41.75,0,0.011,477
20,w_Hx1.5,w_H,1.5,1.0,1.5,3.0,1.0,1.2,1,46.65,0,0.062,594
21,w_Hx1.5,w_H,1.5,1.0,1.5,3.0,1.0,1.2,1,51.75,101,0.97,587
22,w_Hx1.5,w_H,1.5,1.0,1.5,3.0,1.0,1.2,1,36.4,0,0.0,400
23,w_Hx1.5,w_H,1.5,1.0,1.5,3.0,1.0,1.2,1,43.0,0,0.006,396
24,w_Hx1.5,w_H,1.5,1.0,1.5,3.0,1.0,1.2,1,49.15,0,0.005,398
25,w_Hx1.5,w_H,1.5,1.0,1.5,3.0,1.0,1.2,1,50.7,0,0.009,407
26,w_Hx1.5,w_H,1.5,1.0,1.5,3.0,1.0,1.2,1,62.6,0,0.039,577
27,w_Hx1.5,w_H,1.5,1.0,1.5,3.0,1.0,1.2,1,42.8,0,0.012,368
28,w_Hx1.5,w_H,1.5,1.0,1.5,3.0,1.0,1.2,1,57.1,0,0.067,477
29,w_Hx1.5,w_H,1.5,1.0,1.5,3.0,1.0,1.2,1,41.5,0,0.028,450
30,w_Hx1.5,w_H,1.5,1.0,1.5,3.0,1.0,1.2,1,48.6,0,0.005,336
1,w_Sx0.5,w_S,0.5,1.0,1.5,2.0,1.0,0.6,1,43.75,0,0.007,466
2,w_Sx0.5,w_S,0.5,1.0,1.5,2.0,1.0,0.6,1,36.4,0,0.001,333
3,w_Sx0.5,w_S,0.5,1.0,1.5,2.0,1.0,0.6,1,36.4,0,0.0,354
4,w_Sx0.5,w_S,0.5,1.0,1.5,2.0,1.0,0.6,1,37.0,0,0.0,407
5,w_Sx0.5,w_S,0.5,1.0,1.5,2.0,1.0,0.6,1,45.3,0,0.005,435
6,w_Sx0.5,w_S,0.5,1.0,1.5,2.0,1.0,0.6,1,45.3,0,0.011,385
7,w_Sx0.5,w_S,0.5,1.0,1.5,2.0,1.0,0.6,1,44.45,0,0.002,340
8,w_Sx0.5,w_S,0.5,1.0,1.5,2.0,1.0,0.6,1,44.35,0,0.009,388
9,w_Sx0.5,w_S,0.5,1.0,1.5,2.0,1.0,0.6,1,56.8,0,0.04,544
10,w_Sx0.5,w_S,0.5,1.0,1.5,2.0,1.0,0.6,1,58.55,0,0.008,373
11,w_Sx0.5,w_S,0.5,1.0,1.5,2.0,1.0,0.6,1,59.45,0,0.008,443
12,w_Sx0.5,w_S,0.5,1.0,1.5,2.0,1.0,0.6,1,34.0,0,0.013,399
13,w_Sx0.5,w_S,0.5,1.0,1.5,2.0,1.0,0.6,1,41.45,0,0.0,298
14,w_Sx0.5,w_S,0.5,1.0,1.5,2.0,1.0,0.6,1,67.25,0,0.003,451
15,w_Sx0.5,w_S,0.5,1.0,1.5,2.0,1.0,0.6,1,35.4,0,0.022,391
16,w_Sx0.5,w_S,0.5,1.0,1.5,2.0,1.0,0.6,1,45.3,0,0.003,404
17,w_Sx0.5,w_S,0.5,1.0,1.5,2.0,1.0,0.6,1,39.55,0,0.013,428
18,w_Sx0.5,w_S,0.5,1.0,1.5,2.0,1.0,0.6,1,51.7,0,0.015,359
19,w_Sx0.5,w_S,0.5,1.0,1.5,2.0,1.0,0.6,1,37.8,0,0.004,424
20,w_Sx0.5,w_S,0.5,1.0,1.5,2.0,1.0,0.6,1,37.0,0,0.043,539
21,w_Sx0.5,w_S,0.5,1.0,1.5,2.0,1.0,0.6,1,26.5,0,0.057,370
22,w_Sx0.5,w_S,0.5,1.0,1.5,2.0,1.0,0.6,1,36.4,0,0.0,355
23,w_Sx0.5,w_S,0.5,1.0,1.5,2.0,1.0,0.6,1,43.0,0,0.006,380
24,w_Sx0.5,w_S,0.5,1.0,1.5,2.0,1.0,0.6,1,51.55,0,0.005,391
25,w_Sx0.5,w_S,0.5,1.0,1.5,2.0,1.0,0.6,1,49.3,0,0.013,393
26,w_Sx0.5,w_S,0.5,1.0,1.5,2.0,1.0,0.6,1,59.25,0,0.135,535
27,w_Sx0.5,w_S,0.5,1.0,1.5,2.0,1.0,0.6,1,44.35,0,0.013,343
28,w_Sx0.5,w_S,0.5,1.0,1.5,2.0,1.0,0.6,1,54.2,0,0.116,562
29,w_Sx0.5,w_S,0.5,1.0,1.5,2.0,1.0,0.6,1,34.0,0,0.021,398
30,w_Sx0.5,w_S,0.5,1.0,1.5,2.0,1.0,0.6,1,48.55,0,0.005,408
1,w_Sx0.75,w_S,0.75,1.0,1.5,2.0,1.0,0.9,1,92.5,0,0.136,853
2,w_Sx0.75,w_S,0.75,1.0,1.5,2.0,1.0,0.9,1,36.4,0,0.001,344
3,w_Sx0.75,w_S,0.75,1.0,1.5,2.0,1.0,0.9,1,36.4,0,0.0,363
4,w_Sx0.75,w_S,0.75,1.0,1.5,2.0,1.0,0.9,1,37.0,0,0.0,424
5,w_Sx0.75,w_S,0.75,1.0,1.5,2.0,1.0,0.9,1,45.3,0,0.005,450
6,w_Sx0.75,w_S,0.75,1.0,1.5,2.0,1.0,0.9,1,43.1,0,0.018,491
7,w_Sx0.75,w_S,0.75,1.0,1.5,2.0,1.0,0.9,1,44.45,0,0.002,353
8,w_Sx0.75,w_S,0.75,1.0,1.5,2.0,1.0,0.9,1,43.25,0,0.009,404
9,w_Sx0.75,w_S,0.75,1.0,1.5,2.0,1.0,0.9,1,57.8,0,0.047,572
10,w_Sx0.75,w_S,0.75,1.0,1.5,2.0,1.0,0.9,1,58.55,0,0.008,386
11,w_Sx0.75,w_S,0.75,1.0,1.5,2.0,1.0,0.9,1,59.15,0,0.009,453
12,w_Sx0.75,w_S,0.75,1.0,1.5,2.0,1.0,0.9,1,34.0,0,0.013,429
13,w_Sx0.75,w_S,0.75,1.0,1.5,2.0,1.0,0.9,1,41.45,0,0.0,315
14,w_Sx0.75,w_S,0.75,1.0,1.5,2.0,1.0,0.9,1,67.35,0,0.003,473
15,w_Sx0.75,w_S,0.75,1.0,1.5,2.0,1.0,0.9,1,36.0,0,0.024,449
16,w_Sx0.75,w_S,0.75,1.0,1.5,2.0,1.0,0.9,1,44.8,0,0.003,415
17,w_Sx0.75,w_S,0.75,1.0,1.5,2.0,1.0,0.9,1,36.25,0,0.025,443
18,w_Sx0.75,w_S,0.75,1.0,1.5,2.0,1.0,0.9,1,53.15,0,0.015,394
19,w_Sx0.75,w_S,0.75,1.0,1.5,2.0,1.0,0.9,1,35.95,0,0.004,436
20,w_Sx0.75,w_S,0.75,1.0,1.5,2.0,1.0,0.9,1,37.0,0,0.051,534
21,w_Sx0.75,w_S,0.75,1.0,1.5,2.0,1.0,0.9,1,27.3,0,0.059,385
22,w_Sx0.75,w_S,0.75,1.0,1.5,2.0,1.0,0.9,1,36.4,0,0.0,366
23,w_Sx0.75,w_S,0.75,1.0,1.5,2.0,1.0,0.9,1,43.0,0,0.006,405
24,w_Sx0.75,w_S,0.75,1.0,1.5,2.0,1.0,0.9,1,49.4,0,0.22,514
25,w_Sx0.75,w_S,0.75,1.0,1.5,2.0,1.0,0.9,1,49.3,0,0.013,409
26,w_Sx0.75,w_S,0.75,1.0,1.5,2.0,1.0,0.9,0,180.0,11,0.246,1437
27,w_Sx0.75,w_S,0.75,1.0,1.5,2.0,1.0,0.9,1,44.35,0,0.013,358
28,w_Sx0.75,w_S,0.75,1.0,1.5,2.0,1.0,0.9,1,53.7,0,0.165,569
29,w_Sx0.75,w_S,0.75,1.0,1.5,2.0,1.0,0.9,1,34.05,0,0.022,413
30,w_Sx0.75,w_S,0.75,1.0,1.5,2.0,1.0,0.9,1,48.35,0,0.005,418
1,w_Sx1.25,w_S,1.25,1.0,1.5,2.0,1.0,1.5,1,35.35,0,0.004,497
2,w_Sx1.25,w_S,1.25,1.0,1.5,2.0,1.0,1.5,1,37.75,0,0.002,434
3,w_Sx1.25,w_S,1.25,1.0,1.5,2.0,1.0,1.5,1,37.75,0,0.001,402
4,w_Sx1.25,w_S,1.25,1.0,1.5,2.0,1.0,1.5,1,37.1,0,0.0,455
5,w_Sx1.25,w_S,1.25,1.0,1.5,2.0,1.0,1.5,1,42.05,0,0.005,458
6,w_Sx1.25,w_S,1.25,1.0,1.5,2.0,1.0,1.5,1,35.95,0,0.046,495
7,w_Sx1.25,w_S,1.25,1.0,1.5,2.0,1.0,1.5,1,42.2,0,0.004,404
8,w_Sx1.25,w_S,1.25,1.0,1.5,2.0,1.0,1.5,1,43.25,0,0.01,458
9,w_Sx1.25,w_S,1.25,1.0,1.5,2.0,1.0,1.5,1,55.8,0,0.05,590
10,w_Sx1.25,w_S,1.25,1.0,1.5,2.0,1.0,1.5,1,59.45,0,0.003,433
11,w_Sx1.25,w_S,1.25,1.0,1.5,2.0,1.0,1.5,1,58.4,0,0.018,518
12,w_Sx1.25,w_S,1.25,1.0,1.5,2.0,1.0,1.5,1,33.45,0,0.016,464
13,w_Sx1.25,w_S,1.25,1.0,1.5,2.0,1.0,1.5,1,34.75,0,0.014,451
14,w_Sx1.25,w_S,1.25,1.0,1.5,2.0,1.0,1.5,1,52.35,0,0.004,425
15,w_Sx1.25,w_S,1.25,1.0,1.5,2.0,1.0,1.5,1,34.45,0,0.026,492
16,w_Sx1.25,w_S,1.25,1.0,1.5,2.0,1.0,1.5,1,46.05,0,0.003,430
17,w_Sx1.25,w_S,1.25,1.0,1.5,2.0,1.0,1.5,1,38.75,0,0.016,494
18,w_Sx1.25,w_S,1.25,1.0,1.5,2.0,1.0,1.5,1,38.65,0,0.027,501
19,w_Sx1.25,w_S,1.25,1.0,1.5,2.0,1.0,1.5,1,35.4,0,0.005,475
20,w_Sx1.25,w_S,1.25,1.0,1.5,2.0,1.0,1.5,1,39.8,0,0.061,522
21,w_Sx1.25,w_S,1.25,1.0,1.5,2.0,1.0,1.5,1,27.0,0,0.067,414
22,w_Sx1.25,w_S,1.25,1.0,1.5,2.0,1.0,1.5,1,36.5,0,0.0,423
23,w_Sx1.25,w_S,1.25,1.0,1.5,2.0,1.0,1.5,1,39.65,0,0.006,456
24,w_Sx1.25,w_S,1.25,1.0,1.5,2.0,1.0,1.5,1,55.25,0,0.301,597
25,w_Sx1.25,w_S,1.25,1.0,1.5,2.0,1.0,1.5,1,47.35,0,0.024,496
26,w_Sx1.25,w_S,1.25,1.0,1.5,2.0,1.0,1.5,1,38.05,0,0.426,597
27,w_Sx1.25,w_S,1.25,1.0,1.5,2.0,1.0,1.5,1,50.15,0,0.016,473
28,w_Sx1.25,w_S,1.25,1.0,1.5,2.0,1.0,1.5,1,53.3,0,0.25,630
29,w_Sx1.25,w_S,1.25,1.0,1.5,2.0,1.0,1.5,1,33.5,0,0.022,430
30,w_Sx1.25,w_S,1.25,1.0,1.5,2.0,1.0,1.5,1,96.35,429,2.369,893
1,w_Sx1.5,w_S,1.5,1.0,1.5,2.0,1.0,1.8,1,35.45,0,0.004,516
2,w_Sx1.5,w_S,1.5,1.0,1.5,2.0,1.0,1.8,1,37.75,0,0.002,454
3,w_Sx1.5,w_S,1.5,1.0,1.5,2.0,1.0,1.8,1,37.75,0,0.001,418
4,w_Sx1.5,w_S,1.5,1.0,1.5,2.0,1.0,1.8,1,37.1,0,0.0,483
5,w_Sx1.5,w_S,1.5,1.0,1.5,2.0,1.0,1.8,1,36.9,0,0.013,463
6,w_Sx1.5,w_S,1.5,1.0,1.5,2.0,1.0,1.8,1,43.95,0,0.107,510
7,w_Sx1.5,w_S,1.5,1.0,1.5,2.0,1.0,1.8,1,37.4,0,0.004,472
8,w_Sx1.5,w_S,1.5,1.0,1.5,2.0,1.0,1.8,1,36.35,0,0.01,472
9,w_Sx1.5,w_S,1.5,1.0,1.5,2.0,1.0,1.8,1,56.85,0,0.046,624
10,w_Sx1.5,w_S,1.5,1.0,1.5,2.0,1.0,1.8,1,52.4,0,0.003,496
11,w_Sx1.5,w_S,1.5,1.0,1.5,2.0,1.0,1.8,1,44.05,0,0.023,543
12,w_Sx1.5,w_S,1.5,1.0,1.5,2.0,1.0,1.8,1,36.0,0,0.021,513
13,w_Sx1.5,w_S,1.5,1.0,1.5,2.0,1.0,1.8,1,36.75,0,0.001,410
14,w_Sx1.5,w_S,1.5,1.0,1.5,2.0,1.0,1.8,1,37.65,0,0.023,489
15,w_Sx1.5,w_S,1.5,1.0,1.5,2.0,1.0,1.8,1,48.35,0,0.035,586
16,w_Sx1.5,w_S,1.5,1.0,1.5,2.0,1.0,1.8,1,37.65,0,0.003,451
17,w_Sx1.5,w_S,1.5,1.0,1.5,2.0,1.0,1.8,1,39.5,0,0.014,516
18,w_Sx1.5,w_S,1.5,1.0,1.5,2.0,1.0,1.8,1,36.9,0,0.027,510
19,w_Sx1.5,w_S,1.5,1.0,1.5,2.0,1.0,1.8,1,35.05,0,0.005,491
20,w_Sx1.5,w_S,1.5,1.0,1.5,2.0,1.0,1.8,1,37.0,0,0.052,525
21,w_Sx1.5,w_S,1.5,1.0,1.5,2.0,1.0,1.8,1,26.0,0,0.059,430
22,w_Sx1.5,w_S,1.5,1.0,1.5,2.0,1.0,1.8,1,37.05,0,0.0,454
23,w_Sx1.5,w_S,1.5,1.0,1.5,2.0,1.0,1.8,1,34.95,0,0.012,466
24,w_Sx1.5,w_S,1.5,1.0,1.5,2.0,1.0,1.8,1,60.15,0,0.031,615
25,w_Sx1.5,w_S,1.5,1.0,1.5,2.0,1.0,1.8,1,45.35,0,0.015,533
26,w_Sx1.5,w_S,1.5,1.0,1.5,2.0,1.0,1.8,1,89.3,14,1.04,956
27,w_Sx1.5,w_S,1.5,1.0,1.5,2.0,1.0,1.8,1,36.4,0,0.018,449
28,w_Sx1.5,w_S,1.5,1.0,1.5,2.0,1.0,1.8,1,53.15,0,0.234,638
29,w_Sx1.5,w_S,1.5,1.0,1.5,2.0,1.0,1.8,1,36.05,0,0.025,448
30,w_Sx1.5,w_S,1.5,1.0,1.5,2.0,1.0,1.8,1,49.05,0,0.015,581
